TPSA,SAacc,H-050,MLOGP,RDCHI,GATS1p,nN,C-040,response
0.0,0.0,0.0,0.5825317429780685,0.0737267880125023,0.15817936007210456,0.0,0.0,0.42397984886649875
0.026574916503512614,0.019232383137046467,0.0,0.7852379120174428,0.3548446405589263,0.09238395673726903,0.0,0.0,0.694911838790932
0.026574916503512614,0.019232383137046467,0.0,0.7630498909837118,0.3469387755102041,0.0964398377647589,0.0,0.0,0.665088161209068
0.026574916503512614,0.019232383137046467,0.0,0.6742336796203668,0.3232211803640375,0.18657052726453355,0.0,0.0,0.5901259445843828
0.6200046067027525,0.572826041346127,0.16666666666666666,0.42548416057458,0.6760433903291045,0.4740874267688148,0.0,0.36363636363636365,0.598690176322418
0.026574916503512614,0.019232383137046467,0.0,0.5879825573938695,0.24287552858981434,0.39837764758900407,0.0,0.0,0.7269521410579345
0.0,0.0,0.0,0.6228677696549955,0.2423239566096709,0.30734565119423163,0.0,0.0,0.4008060453400503
0.0,0.0,0.0,0.5459150955495704,0.14708586137157567,0.4366831906264083,0.0,0.0,0.3847858942065491
0.0,0.0,0.0,0.5894574836475568,0.12263283691855122,0.5042812077512392,0.0,0.0,0.3714861460957179
0.0,0.0,0.0,0.6136975759907657,0.14708586137157567,0.5119423163587202,0.0,0.0,0.42498740554156167
0.034636646320396175,0.031490404789213076,0.05555555555555555,0.46575606002308584,0.14708586137157567,0.5439387111311401,0.09090909090909091,0.0,0.3836775818639798
0.200593112979385,0.17035520463255657,0.0,0.6135693215339233,0.5006435006435006,0.44118972510139703,0.0,0.18181818181818182,0.7303778337531486
0.06849591155130715,0.0543035079866842,0.0,0.4193920738745672,0.06140834712263285,0.3758449752140604,0.09090909090909091,0.09090909090909091,0.3685642317380352
0.26528849475987565,0.18724823062075138,0.05555555555555555,0.6875080159035527,0.5835631549917265,0.4024335286164939,0.09090909090909091,0.09090909090909091,0.40201511335012596
0.0,0.0,0.0,0.5961908426317816,0.18183489612061043,0.29607931500675977,0.0,0.0,0.34367758186397984
0.0,0.0,0.0,0.48486597409259974,0.0,0.1383506083821541,0.0,0.0,0.45440806045340043
0.10229759299781183,0.08242824572691415,0.0,0.7070026933435937,0.5285898143041,0.3799008562415503,0.0,0.09090909090909091,0.7628211586901762
0.0491477599907866,0.04396347945282122,0.0,0.42631781454405543,0.04136789851075567,0.6214511041009464,0.0,0.0,0.05551637279596977
0.0982955199815732,0.08792695890564244,0.0,0.41823778376298576,0.12024269167126309,0.5461919783686346,0.0,0.0,0.3225188916876574
0.19437406426350343,0.1817862338098302,0.05555555555555555,0.6188277542644607,0.43096157381871664,0.29607931500675977,0.0,0.09090909090909091,0.28544080604534006
0.14203040423816654,0.1500807760091756,0.1111111111111111,0.4813389765294344,0.23386651958080526,0.32717440288418204,0.09090909090909091,0.09090909090909091,0.41249370277078085
0.35189450650696763,0.27195114275323806,0.1111111111111111,0.5035269975631653,0.46166574738003313,0.5295178008111762,0.45454545454545453,0.18181818181818182,0.24896725440806045
0.05314983300702523,0.03846476627409293,0.0,0.49429267667051435,0.21088435374149656,0.583596214511041,0.0,0.0,0.21662468513853902
0.009328573073822413,0.005461996810921197,0.0,1.0,0.8268063982349696,0.5759351059035602,0.09090909090909091,0.0,0.5882115869017632
0.034636646320396175,0.031490404789213076,0.05555555555555555,0.844812107220726,0.6236440522154808,0.5736818386660659,0.09090909090909091,0.0,0.6463476070528967
0.15711735575262006,0.07173329230424931,0.0,0.7756829549826857,0.5563522706379849,0.5831455610635422,0.0,0.0,0.703073047858942
0.3403777496257054,0.4171014350854617,0.2777777777777778,0.5545081441580095,0.5203162346019489,0.42045966651644884,0.0,0.0,0.6349622166246851
0.10739375791777035,0.11859037121996252,0.05555555555555555,0.6204950622034116,0.2996874425445854,0.3988283010365029,0.0,0.09090909090909091,0.4264987405541562
0.009328573073822413,0.005461996810921197,0.0,0.7006540977298962,0.4151498437212723,0.4637223974763407,0.09090909090909091,0.0,0.5641309823677582
0.035903489577335024,0.02469437994796766,0.0,0.6587790175708605,0.43427100569957716,0.49211356466876977,0.09090909090909091,0.0,0.5017632241813602
0.0,0.0,0.0,0.5561113248685392,0.04872219157933442,0.1302388463271744,0.0,0.0,0.3623173803526448
0.0,0.026156041066383195,0.0,0.5432858791843016,0.04872219157933442,0.19873817034700314,0.0,0.0,0.3481108312342569
0.13131982033859266,0.049425476263742406,0.0,0.6065153264075926,0.2862658576944291,0.2794051374493015,0.09090909090909091,0.0,0.6383879093198992
0.034636646320396175,0.031490404789213076,0.05555555555555555,0.5151340259074003,0.12024269167126309,0.6538981523208653,0.09090909090909091,0.0,0.22468513853904282
0.2499424162155937,0.21227655467591688,0.16666666666666666,0.4588303193535975,0.35631549917264205,0.5114916629112212,0.18181818181818182,0.0,0.28574307304785895
0.38126223655418634,0.3432665678238733,0.1111111111111111,0.7005258432730538,0.7324875896304468,0.3632266786840919,0.36363636363636365,0.0,0.5358186397984886
0.11649199585396752,0.1492555319327496,0.1111111111111111,0.7503526997563166,0.3678985107556536,0.09193330328977016,0.0,0.0,0.47516372795969775
0.0,0.0,0.0,0.7630498909837118,0.3377459091744806,0.2045966651644885,0.0,0.0,0.678690176322418
0.05824599792698376,0.0746268917671413,0.05555555555555555,0.6648069770424522,0.2746828461114176,0.42721946822893203,0.0,0.0,0.6285138539042822
0.11649199585396752,0.1492555319327496,0.1111111111111111,0.6253687315634218,0.3368266225409082,0.2866155926092835,0.0,0.0,0.4210579345088161
0.0,0.0,0.0,0.622354751827626,0.1926824783967641,0.3740423614240649,0.0,0.0,0.36775818639798485
0.07491650351261085,0.05751706436903796,0.1111111111111111,0.55399512633064,0.18955690384261814,0.32041460117169895,0.09090909090909091,0.0,0.40876574307304786
0.0491477599907866,0.04396347945282122,0.0,0.5382198281390279,0.1847766133480419,0.448400180261379,0.0,0.0,0.29612090680100756
0.0,0.0,0.0,0.6228677696549955,0.2057363485934915,0.4366831906264083,0.0,0.0,0.4780856423173803
0.0,0.0,0.0,0.6228677696549955,0.2057363485934915,0.4366831906264083,0.0,0.0,0.5290680100755667
0.0,0.0,0.0,0.6297293830960626,0.20555249126677697,0.4159531320414601,0.0,0.0,0.34256926952141054
0.0491477599907866,0.04396347945282122,0.0,0.393035782993459,0.02849788564074279,0.6575033799008563,0.0,0.0,0.043123425692695214
0.08378440631118278,0.0754538842420343,0.05555555555555555,0.6106194690265487,0.2643868358154073,0.2217214961694457,0.09090909090909091,0.09090909090909091,0.4626700251889169
0.10739375791777035,0.11859037121996252,0.05555555555555555,0.4218930357829935,0.0737267880125023,0.5863001351960344,0.0,0.09090909090909091,0.30710327455919395
0.11649199585396752,0.1492555319327496,0.1111111111111111,0.45863793766833394,0.14120242691671264,0.5917079765660208,0.0,0.0,0.11062972292191434
0.0,0.0,0.0,0.5561113248685392,0.0737267880125023,0.24560612888688596,0.0,0.0,0.35355163727959693
0.29848554647011405,0.2089423587993398,0.05555555555555555,0.6407592663845069,0.3395844824416253,0.41910770617395227,0.2727272727272727,0.0,0.3630226700251889
0.3220948980767016,0.252078845777268,0.05555555555555555,0.5866358855970245,0.2989520132377275,0.345200540784137,0.18181818181818182,0.0,0.5922418136020151
0.11035932281469538,0.09468626737908076,0.05555555555555555,0.5666923175580352,0.296378010663725,0.4560612888688599,0.09090909090909091,0.0,0.6244836272040302
0.21671657261315214,0.1948694995384228,0.1111111111111111,0.4633192253430807,0.3142121713550285,0.33708877872915727,0.18181818181818182,0.18181818181818182,0.20947103274559195
0.0491477599907866,0.04396347945282122,0.0,0.42631781454405543,0.06140834712263285,0.6214511041009464,0.0,0.0,0.2713350125944584
0.2523897270528619,0.24476704338825636,0.16666666666666666,0.5152622803642427,0.46221731936017646,0.47679134745380797,0.18181818181818182,0.09090909090909091,0.3724937027707808
0.10739375791777035,0.11859037121996252,0.05555555555555555,0.4509426702577915,0.10608567751424894,0.5763857593510591,0.0,0.09090909090909091,0.306095717884131
0.14156973396291606,0.09694519819845022,0.0,0.6806464024624856,0.42820371391799966,0.3429472735466427,0.2727272727272727,0.0,0.4632745591939546
0.2679373488425659,0.275645508714018,0.1111111111111111,0.5425163524432474,0.5087332230189373,0.40919333032897703,0.0,0.0,0.42428211586901765
0.0,0.0,0.0,0.6145953571886623,0.093583379297665,0.6394772420009014,0.0,0.0,0.377632241813602
0.10739375791777035,0.11859037121996252,0.05555555555555555,0.47723483391047844,0.1371575657289943,0.5705272645335737,0.0,0.09090909090909091,0.32604534005037783
0.10739375791777035,0.11859037121996252,0.05555555555555555,0.545466204950622,0.19488876631733776,0.5624155024785938,0.0,0.09090909090909091,0.2980352644836272
0.05824599792698376,0.0746268917671413,0.05555555555555555,0.5591894318327562,0.1847766133480419,0.5926092834610185,0.0,0.0,0.30156171284634764
0.15144535298859843,0.12639172517973538,0.0,0.7171347954341414,0.5344732487589631,0.5921586300135196,0.0,0.18181818181818182,0.5669521410579345
0.15144535298859843,0.12639172517973538,0.0,0.7613184558163396,0.5318992461849604,0.5051825146462371,0.0,0.18181818181818182,0.4461460957178841
0.15711735575262006,0.07173329230424931,0.0,0.7473387200205207,0.4947600661886376,0.5876520955385308,0.0,0.0,0.6308312342569269
0.0,0.0,0.0,0.6388354495318712,0.12465526751241035,0.6246056782334386,0.0,0.0,0.42498740554156167
0.23522975929978118,0.20184386102330265,0.05555555555555555,0.7622162370142362,0.6661150946865233,0.5570076611086074,0.09090909090909091,0.2727272727272727,0.4763727959697732
0.05824599792698376,0.0746268917671413,0.05555555555555555,0.7397075798383994,0.37672366243794814,0.43533123028391174,0.0,0.0,0.598690176322418
0.05824599792698376,0.0746268917671413,0.05555555555555555,0.7232910093625754,0.35171906600478026,0.42721946822893203,0.0,0.0,0.6285138539042822
0.1446504664286537,0.04661754832573363,0.0,0.6215852250865718,0.3289207574921861,0.41685443893645785,0.09090909090909091,0.09090909090909091,0.5996977329974811
0.05824599792698376,0.0746268917671413,0.05555555555555555,0.5377709375400795,0.18330575473432617,0.5989184317260028,0.0,0.0,0.3127455919395466
0.3538811470689854,0.36810256804766833,0.16666666666666666,0.4690265486725664,0.47619047619047616,0.5322217214961695,0.2727272727272727,0.09090909090909091,0.25229219143576825
0.13131982033859266,0.049425476263742406,0.0,0.5592535590611774,0.2656738371024085,0.4547093285263632,0.09090909090909091,0.0,0.4384886649874055
0.12797996084302662,0.02934861666713291,0.0,0.5761831473643709,0.15444015444015446,0.2879675529517801,0.09090909090909091,0.09090909090909091,0.5347103274559194
0.11035932281469538,0.09468626737908076,0.05555555555555555,0.5247531101705785,0.2706379849236992,0.1608832807570978,0.09090909090909091,0.0,0.6776826196473551
0.20194633191293332,0.08900746915825104,0.16666666666666666,0.4511991791714762,0.16712630998345285,0.28210905813429477,0.18181818181818182,0.0,0.37561712846347606
0.15144535298859843,0.12639172517973538,0.0,0.6453764268308324,0.40393454679168966,0.484452456061289,0.0,0.18181818181818182,0.47919395465994963
0.15144535298859843,0.12639172517973538,0.0,0.6757086058740541,0.47214561500275787,0.39161784587652093,0.0,0.18181818181818182,0.5106297229219143
0.026574916503512614,0.019232383137046467,0.0,0.5591894318327562,0.21143592572164,0.6638125281658405,0.0,0.0,0.3605037783375315
0.13287458251756304,0.09616016728676532,0.0,0.5486725663716814,0.5269350983636698,0.5588102748986029,0.0,0.0,0.5208060453400504
0.15711735575262006,0.07173329230424931,0.0,0.6533282031550596,0.39271924986210704,0.6723749436683191,0.0,0.0,0.5964735516372796
0.0,0.0,0.0,0.6417853020392459,0.23552123552123555,0.39161784587652093,0.0,0.0,0.5467002518891687
0.13131982033859266,0.049425476263742406,0.0,0.5397588816211364,0.23791138076852364,0.4479495268138801,0.09090909090909091,0.0,0.4519899244332493
0.3491304848554647,0.010925742020309395,0.0,0.5973451327433629,0.3851810994668138,0.2618296529968454,0.18181818181818182,0.0,0.6111838790931989
0.27317747322354025,0.2613820740201975,0.0,0.6831473643709118,0.37635594778451925,0.45155475439387105,0.2727272727272727,0.0,0.6164231738035264
0.05824599792698376,0.0746268917671413,0.05555555555555555,0.4356162626651276,0.06140834712263285,0.6701216764308248,0.0,0.0,0.08191435768261965
0.1196878958885178,0.10014826419000196,0.05555555555555555,0.46043350006412725,0.2846111417539989,0.708427219468229,0.18181818181818182,0.0,0.3151637279596977
0.11171254174824369,0.0,0.05555555555555555,0.5008336539694754,0.06140834712263285,0.4195583596214511,0.0,0.0,0.6025188916876574
0.24965449729356212,0.04753021232550983,0.0,0.545466204950622,0.2562971134399706,0.36367733213159087,0.0,0.0,0.6505793450881612
0.26577795692732925,0.12403313564774666,0.1111111111111111,0.5541233807874824,0.38279095421952564,0.3235691753041911,0.2727272727272727,0.0,0.6974307304785894
0.2839168490153173,0.10046297591406272,0.0,0.545081441580095,0.34767420481706196,0.523208652546192,0.2727272727272727,0.0,0.9086146095717884
0.12797996084302662,0.02934861666713291,0.0,0.520841349236886,0.093583379297665,0.22442541685443895,0.09090909090909091,0.09090909090909091,0.5225188916876574
0.16166647472071866,0.06298080957842615,0.1111111111111111,0.4511991791714762,0.16161059018201876,0.3244704821991888,0.18181818181818182,0.0,0.27365239294710325
0.16166647472071866,0.06298080957842615,0.1111111111111111,0.5380915736821855,0.26861555432984,0.23614240648940968,0.18181818181818182,0.0,0.32534005037783376
0.18061153979039501,0.15102316278289088,0.1111111111111111,0.559125304604335,0.27174112888398605,0.4384858044164038,0.45454545454545453,0.0,0.3233249370277078
0.24910745134170217,0.20532667076957506,0.1111111111111111,0.5436065153264076,0.3086964515535944,0.41324921135646686,0.5454545454545454,0.09090909090909091,0.6372795969773299
0.05824599792698376,0.0746268917671413,0.05555555555555555,0.40233423111453126,0.02849788564074279,0.7345651194231636,0.0,0.0,0.047153652392947096
0.30994471956696995,0.3128182085209948,0.0,0.6839168911119661,0.5414598271741129,0.3591707976566021,0.09090909090909091,0.18181818181818182,0.4945088161209068
0.07572267649429922,0.06319586258986769,0.0,0.47723483391047844,0.13292884721456152,0.686795853988283,0.0,0.09090909090909091,0.272544080604534
0.15144535298859843,0.12639172517973538,0.0,0.4638322431704502,0.22485751057179626,0.6845425867507887,0.0,0.18181818181818182,0.2797984886649874
0.3980767016008292,0.15059480515847484,0.0,0.4448505835577786,0.3408714837286266,0.3898152320865254,0.0,0.18181818181818182,0.8289168765743072
0.15144535298859843,0.12639172517973538,0.0,0.578619982044376,0.31384445670159955,0.4650743578188374,0.0,0.18181818181818182,0.35073047858942064
0.1506679718991132,0.10916650348280975,0.0,0.4497242529177889,0.2277992277992278,0.5682739972960794,0.09090909090909091,0.09090909090909091,0.25652392947103275
0.026574916503512614,0.019232383137046467,0.0,0.4646658971399256,0.093583379297665,0.77602523659306,0.0,0.0,0.16201511335012594
0.289041805827479,0.16045926930931267,0.0,0.5853533410286008,0.3498804927376356,0.6949076160432627,0.09090909090909091,0.0,0.9087153652392946
0.31947483588621445,0.024203079978739474,0.0,0.6114531229960242,0.3704725133296562,0.273997296079315,0.0,0.0,0.6367758186397985
0.2745882759414949,0.09500097910314152,0.0,0.5693856611517251,0.35208678065820925,0.501577287066246,0.18181818181818182,0.0,0.8505793450881611
0.3322872279166187,0.12503147117240607,0.0,0.5559189431832756,0.3498804927376356,0.4569625957638575,0.09090909090909091,0.0,0.8088664987405542
0.23747552689162735,0.06565236243600861,0.0,0.6194048993202513,0.33204633204633205,0.40153222172149616,0.09090909090909091,0.0,0.8792947103274559
0.31947483588621445,0.024203079978739474,0.0,0.5397588816211364,0.27946313660599376,0.32942767012167645,0.0,0.0,0.8146095717884131
0.18608199930899458,0.15788038157048143,0.05555555555555555,0.5192381685263563,0.3281853281853282,0.4799459215863001,0.09090909090909091,0.18181818181818182,0.2972292191435768
0.06121156282390879,0.05072278792625955,0.05555555555555555,0.5945876619212518,0.3142121713550285,0.4069400630914826,0.09090909090909091,0.0,0.49511335012594454
0.2200564321087182,0.01210241418860324,0.0,0.5879825573938695,0.28553042838757126,0.24966200991437584,0.0,0.0,0.7416624685138539
0.11171254174824369,0.0,0.05555555555555555,0.46755162241887904,0.02849788564074279,0.4037854889589906,0.0,0.0,0.548110831234257
0.13131982033859266,0.049425476263742406,0.0,0.5146210080800309,0.25684868542011396,0.3970256872465074,0.09090909090909091,0.0,0.43476070528967253
0.31947483588621445,0.024203079978739474,0.0,0.49807618314736435,0.25776797205368635,0.3186119873817035,0.0,0.0,0.7058942065491184
0.55830358171139,0.5819194617730159,0.2777777777777778,0.4044504296524304,0.6857878286449716,0.5723298783235692,0.09090909090909091,0.09090909090909091,0.3178841309823678
0.518484394794426,0.5434197275295829,0.2777777777777778,0.4225343080672053,0.6995771281485567,0.5930599369085173,0.18181818181818182,0.09090909090909091,0.3700755667506297
0.526632500287919,0.526524953142921,0.2222222222222222,0.4156726946261382,0.6909358337929766,0.587201442091032,0.09090909090909091,0.09090909090909091,0.4513853904282116
0.14226073937579178,0.12445100288136068,0.05555555555555555,0.71867384891625,0.4664460378746093,0.39026588553402436,0.18181818181818182,0.18181818181818182,0.4216624685138539
0.07491650351261085,0.05751706436903796,0.1111111111111111,0.55399512633064,0.19415333701047988,0.32041460117169895,0.09090909090909091,0.0,0.6053400503778337
0.03711274904986756,0.02934861666713291,0.0,0.5116711555726561,0.19415333701047988,0.4155024785939613,0.09090909090909091,0.0,0.3384382871536524
0.22405850512495679,0.1737296136738747,0.2222222222222222,0.6088239066307555,0.33333333333333337,0.22983325822442544,0.36363636363636365,0.0,0.45440806045340043
0.21470114015893124,0.2572820796150726,0.1111111111111111,0.5280877260484802,0.4362934362934363,0.40288418206399285,0.2727272727272727,0.09090909090909091,0.3335012594458438
0.06780490613843142,0.05488922147313061,0.0,0.42362447095036554,0.1287001287001287,0.8161333934204597,0.18181818181818182,0.0,0.1490176322418136
0.16860532074167917,0.1328170895459759,0.0,0.5190457868410927,0.31053502482073914,0.6282109058134295,0.36363636363636365,0.0,0.6967254408060453
0.11105032822757112,0.010925742020309395,0.0,0.4511991791714762,0.1287001287001287,0.4096439837764759,0.18181818181818182,0.0,0.21259445843828717
0.17663825866635957,0.06298080957842615,0.1111111111111111,0.3958573810439913,0.08733223018937306,0.26813880126182965,0.18181818181818182,0.0,0.3294710327455919
0.27628699758148106,0.010925742020309395,0.0,0.44247787610619466,0.19709505423791138,0.2338891392519153,0.18181818181818182,0.0,0.47717884130982363
0.3491304848554647,0.010925742020309395,0.0,0.44247787610619466,0.22559293987865414,0.17845876520955387,0.18181818181818182,0.0,0.5981863979848866
0.40314407462858465,0.20842483285310656,0.2222222222222222,0.3612928049249711,0.27174112888398605,0.29067147363677337,0.2727272727272727,0.0,0.7310831234256927
0.10537832546354947,0.035427798136906594,0.0,0.5001923816852636,0.1636330207758779,0.807570977917981,0.2727272727272727,0.0,0.13178841309823675
0.5229183461937119,0.5680074551710633,0.3888888888888889,0.3882262408618699,0.4833609119323405,0.2622803064443443,0.18181818181818182,0.09090909090909091,0.3477078085642317
0.5229183461937119,0.5680074551710633,0.3888888888888889,0.35725278953443634,0.47710976282404854,0.2992338891392519,0.18181818181818182,0.09090909090909091,0.6355667506297229
0.009328573073822413,0.005461996810921197,0.0,0.55399512633064,0.1926824783967641,0.4326273095989185,0.09090909090909091,0.0,0.42952141057934506
0.17663825866635957,0.06298080957842615,0.1111111111111111,0.517763242272669,0.22632836918551202,0.2113564668769716,0.18181818181818182,0.0,0.32
0.3212023494184038,0.1737908076202199,0.1111111111111111,0.455559830704117,0.4460378746093032,0.40919333032897703,0.36363636363636365,0.0,0.2582367758186398
0.04644132212368997,0.0348106134780541,0.0,0.4949339489547262,0.27082184225041367,0.43938711131140157,0.18181818181818182,0.0,0.46458438287153647
0.21596798341587012,0.22433001370744401,0.05555555555555555,0.48685391817365653,0.46056260341974625,0.4285714285714286,0.2727272727272727,0.09090909090909091,0.3578841309823677
0.18389381550155476,0.010925742020309395,0.0,0.4260613056303707,0.17926089354660785,0.26002703920684994,0.18181818181818182,0.0,0.5388413098236775
0.24090176206380284,0.1471871765462836,0.05555555555555555,0.43574451712197,0.25684868542011396,0.8161333934204597,0.09090909090909091,0.09090909090909091,0.5680604534005037
0.3304157549234136,0.09965696422077377,0.05555555555555555,0.36494805694497884,0.22320279463136605,0.33889139251915273,0.09090909090909091,0.09090909090909091,0.5045843828715365
0.2772659219163883,0.17841357316697903,0.05555555555555555,0.3836732076439656,0.2636514065085494,0.43938711131140157,0.2727272727272727,0.18181818181818182,0.5035768261964736
0.26836922722561324,0.20646312977312783,0.05555555555555555,0.4039374118250609,0.24912667769810626,0.6142406489409644,0.18181818181818182,0.0,0.5821662468513854
0.21878958885177932,0.12898634850476964,0.05555555555555555,0.4638322431704502,0.23276337562051846,0.40739071653898157,0.18181818181818182,0.0,0.5470025188916876
0.136934239318208,0.11391690211766023,0.05555555555555555,0.5069257406694883,0.3162346019488877,0.44344299233889134,0.09090909090909091,0.0,0.6446347607052896
0.1635091558217206,0.13314928525470668,0.05555555555555555,0.48159548544311914,0.3162346019488877,0.4799459215863001,0.09090909090909091,0.0,0.6812090680100755
0.11035932281469538,0.09468626737908076,0.05555555555555555,0.5558548159548544,0.31715388858246,0.32942767012167645,0.09090909090909091,0.0,0.5863979848866498
0.20194633191293332,0.08900746915825104,0.16666666666666666,0.3625753494933949,0.0737267880125023,0.16493916178458765,0.18181818181818182,0.0,0.3886146095717884
0.13635840147414488,0.03695240160013428,0.05555555555555555,0.42490701551878923,0.11527854384997242,0.34700315457413244,0.18181818181818182,0.0,0.20816120906801008
0.21185074283081884,0.11162125493048368,0.1111111111111111,0.47069385661151725,0.39271924986210704,0.49887336638125274,0.2727272727272727,0.0,0.2907808564231738
0.034636646320396175,0.031490404789213076,0.05555555555555555,0.5325766320379633,0.18183489612061043,0.3519603424966201,0.09090909090909091,0.0,0.5710831234256927
0.05824599792698376,0.0746268917671413,0.05555555555555555,0.3611645504681288,0.0,0.9337539432176657,0.0,0.0,0.08735516372795969
0.20004606702752506,0.24873066271295494,0.0,0.6760292420161601,0.5302445302445302,0.4001802613789996,0.18181818181818182,0.09090909090909091,0.5662468513853904
0.18950823448117007,0.14120940218759617,0.0,0.6501218417340002,0.5300606729178158,0.3632266786840919,0.2727272727272727,0.0,0.6684130982367759
0.4747783024300357,0.2523515959381207,0.2222222222222222,0.42362447095036554,0.4271005699577128,0.24876070301937808,0.36363636363636365,0.0,0.42397984886649875
0.22071864562939075,0.18937078635969454,0.1111111111111111,0.5471976401179941,0.45375988233131087,0.38575935105903564,0.18181818181818182,0.0,0.4564231738035264
0.15144535298859843,0.12639172517973538,0.0,0.5419392073874567,0.26990255561684134,0.45065344749887337,0.0,0.18181818181818182,0.3675566750629723
0.10229759299781183,0.08242824572691415,0.0,0.6677568295498268,0.43537414965986393,0.5642181162685894,0.0,0.09090909090909091,0.539345088161209
0.16077392606242083,0.13185372199065656,0.0,0.5356547390021803,0.3478580621437764,0.5218566922036953,0.09090909090909091,0.18181818181818182,0.34397984886649874
0.08505124956812161,0.06865785940078888,0.0,0.6074131076054893,0.33609119323405034,0.4335286164939162,0.09090909090909091,0.09090909090909091,0.42488664987405544
0.08482091443049637,0.09385927490418776,0.05555555555555555,0.4081698089008593,0.10608567751424894,0.7530419107706173,0.0,0.0,0.047153652392947096
0.10229759299781183,0.08242824572691415,0.0,0.4478645632935745,0.17503217503217502,0.7422262280306444,0.0,0.09090909090909091,0.2407052896725441
0.11139583093400898,0.11309165804123424,0.05555555555555555,0.42772861356932157,0.2037139179996323,0.7314105452906714,0.0,0.0,0.17793450881612088
0.1887884371760912,0.13425951828125438,0.05555555555555555,0.44472232910093623,0.1836734693877551,0.5642181162685894,0.0,0.0,0.7634256926952141
0.2605954163307613,0.1148173273281674,0.05555555555555555,0.36469154803129405,0.17080345651774223,0.5051825146462371,0.09090909090909091,0.09090909090909091,0.40151133501259445
0.25172751353218936,0.09688050745517107,0.1111111111111111,0.33500064127228424,0.10571796286082,0.48715637674628215,0.09090909090909091,0.0,0.6545088161209068
0.3322872279166187,0.12503147117240607,0.0,0.5364242657432347,0.3162346019488877,0.45515998197386204,0.09090909090909091,0.0,0.7606045340050378
0.3322872279166187,0.12503147117240607,0.0,0.5160959343337181,0.31016731016731014,0.4538080216313656,0.09090909090909091,0.0,0.7273551637279597
0.38419900955890823,0.13146732592944863,0.0,0.4714633833525715,0.37396580253723105,0.2974312753492564,0.2727272727272727,0.09090909090909091,0.7794458438287153
0.026574916503512614,0.019232383137046467,0.0,0.6820572014877517,0.22522522522522523,0.1347453808021631,0.0,0.0,0.6942065491183879
0.08482091443049637,0.09385927490418776,0.05555555555555555,0.6075413620623317,0.22522522522522523,0.1203244704821992,0.0,0.0,0.6099748110831235
0.08482091443049637,0.09385927490418776,0.05555555555555555,0.5888162113633449,0.21750321750321747,0.15277151870211805,0.0,0.0,0.5445843828715365
0.29042381665323047,0.19668433714717318,0.0,0.623380787482365,0.30538701967273396,0.4335286164939162,0.18181818181818182,0.0,0.5555667506297229
0.08482091443049637,0.09385927490418776,0.05555555555555555,0.5888162113633449,0.21823864681007535,0.15277151870211805,0.0,0.0,0.5289672544080604
0.10149142001612346,0.07674944750608442,0.1111111111111111,0.49326664101577533,0.19415333701047988,0.36052275799909866,0.09090909090909091,0.0,0.5490176322418135
0.1196878958885178,0.10014826419000196,0.05555555555555555,0.5312299602411183,0.2961941533370105,0.40288418206399285,0.18181818181818182,0.0,0.30559193954659947
0.2772947138085915,0.13589776764483733,0.05555555555555555,0.4855713736052327,0.4662621805478948,0.3947724200090131,0.2727272727272727,0.0,0.34982367758186395
0.10149142001612346,0.07674944750608442,0.1111111111111111,0.49326664101577533,0.19231476374333514,0.36052275799909866,0.09090909090909091,0.0,0.5561712846347607
0.08482091443049637,0.09385927490418776,0.05555555555555555,0.49326664101577533,0.19231476374333514,0.37539432176656157,0.0,0.0,0.3383375314861461
0.026574916503512614,0.019232383137046467,0.0,0.5325766320379633,0.18183489612061043,0.3979269941415052,0.0,0.0,0.3335012594458438
0.10149142001612346,0.07674944750608442,0.1111111111111111,0.49326664101577533,0.18955690384261814,0.36052275799909866,0.09090909090909091,0.0,0.3918387909319899
0.08482091443049637,0.09385927490418776,0.05555555555555555,0.49326664101577533,0.18955690384261814,0.37539432176656157,0.0,0.0,0.35848866498740556
0.21806979154670045,0.16381444596749378,0.16666666666666666,0.5541233807874824,0.6186799043941902,0.3627760252365931,0.18181818181818182,0.0,0.5047858942065491
0.2732062651157434,0.03630549416734272,0.0,0.5731691676285751,0.30501930501930496,0.4114465975664714,0.0,0.0,0.6718387909319898
0.25345502706437867,0.15102316278289088,0.1111111111111111,0.6176093369244582,0.3548446405589263,0.38260477692654343,0.45454545454545453,0.0,0.4395969773299748
0.29373488425659333,0.17705157076118275,0.16666666666666666,0.559125304604335,0.26824783967641114,0.3627760252365931,0.45454545454545453,0.0,0.41974811083123426
0.0,0.0,0.0,0.6417853020392459,0.18955690384261814,0.39161784587652093,0.0,0.0,0.5368261964735517
0.0,0.0,0.0,0.622354751827626,0.17926089354660785,0.3740423614240649,0.0,0.0,0.44413098236775816
0.05824599792698376,0.0746268917671413,0.05555555555555555,0.55399512633064,0.17926089354660785,0.33303289770166744,0.0,0.0,0.467808564231738
0.0,0.0,0.0,0.6020264204181095,0.16988416988416988,0.35241099594411895,0.0,0.0,0.34277078085642315
0.297564205919613,0.28194498839063414,0.1111111111111111,0.567333589842247,0.377459091744806,0.23298783235691756,0.09090909090909091,0.0,0.4048362720403022
0.0,0.0,0.0,0.6417853020392459,0.2057363485934915,0.39161784587652093,0.0,0.0,0.4226700251889169
0.0,0.0,0.0,0.6192125176349877,0.16988416988416988,0.2284812978819288,0.0,0.0,0.48473551637279594
0.05824599792698376,0.0746268917671413,0.05555555555555555,0.5325766320379633,0.16988416988416988,0.3010365029292474,0.0,0.0,0.3615113350125944
0.03711274904986756,0.02934861666713291,0.0,0.5839425420033346,0.2588711160139731,0.313204146011717,0.09090909090909091,0.0,0.35224181360201506
0.0,0.0,0.0,0.6491599333076824,0.24710424710424708,0.26453357368183866,0.0,0.0,0.48947103274559195
0.08130830358171139,0.0,0.0,0.6165833012697192,0.22761537047251332,0.19378098242451552,0.0,0.0,0.3932493702770781
0.0,0.0,0.0,0.6020264204181095,0.16878102592388305,0.35241099594411895,0.0,0.0,0.3557682619647355
0.07491650351261085,0.05751706436903796,0.1111111111111111,0.5325766320379633,0.16878102592388305,0.2866155926092835,0.09090909090909091,0.0,0.5084130982367758
0.05824599792698376,0.0746268917671413,0.05555555555555555,0.5325766320379633,0.16878102592388305,0.3010365029292474,0.0,0.0,0.36654911838790927
0.13192445007485892,0.08872597700506336,0.0,0.557073233294857,0.2037139179996323,0.2978819287967553,0.09090909090909091,0.0,0.39476070528967255
0.0,0.0,0.0,0.6491599333076824,0.24342710056995767,0.26453357368183866,0.0,0.0,0.49158690176322417
0.0,0.0,0.0,0.6020264204181095,0.16694245265673835,0.35241099594411895,0.0,0.0,0.3696725440806045
0.05824599792698376,0.0746268917671413,0.05555555555555555,0.5325766320379633,0.16694245265673835,0.3010365029292474,0.0,0.0,0.3769269521410579
0.24277323505700793,0.2187386354099645,0.1111111111111111,0.4222777991535206,0.32138260709689287,0.44434429923388913,0.18181818181818182,0.09090909090909091,0.2253904282115869
0.08130830358171139,0.0,0.0,0.6165833012697192,0.22504136789851079,0.19378098242451552,0.0,0.0,0.46690176322418137
0.0,0.0,0.0,0.5710529690906759,0.08733223018937306,0.5493465525011266,0.0,0.0,0.39093198992443323
0.0,0.0,0.0,0.5205848403232013,0.04136789851075567,0.12663361874718343,0.0,0.0,0.3181863979848866
0.10229759299781183,0.08242824572691415,0.0,0.7070026933435937,0.5285898143041,0.2911221270842722,0.0,0.09090909090909091,0.8005037783375315
0.0491477599907866,0.04396347945282122,0.0,0.505835577786328,0.093583379297665,0.3947724200090131,0.0,0.09090909090909091,0.2472544080604534
0.0,0.0,0.0,0.624406823137104,0.10093767236624378,0.7746732762505633,0.0,0.0,0.48413098236775814
0.0,0.0,0.0,0.6029883288444273,0.093583379297665,0.11356466876971609,0.0,0.0,0.40947103274559193
0.0,0.0,0.0,0.5803514172117482,0.08733223018937306,0.10094637223974763,0.0,0.0,0.33632241813602015
0.0,0.07846812319914959,0.0,0.5684878799538284,0.093583379297665,0.202794051374493,0.0,0.0,0.386095717884131
0.0,0.0,0.0,0.8087726048480185,0.3601765030336459,0.1302388463271744,0.0,0.0,0.8210579345088161
0.0,0.0,0.0,0.5561113248685392,0.04872219157933442,1.0,0.0,0.0,0.3547607052896725
0.0,0.0,0.0,0.5298832884442735,0.04136789851075567,0.099594411897251,0.0,0.0,0.3155667506297229
0.0,0.0,0.0,0.6415287931255611,0.17981246552675123,0.32401982875168994,0.0,0.0,0.6647858942065491
0.036076240930553956,0.019232383137046467,0.0,0.6988585353341029,0.34234234234234234,0.11807120324470484,0.0,0.0,0.6434256926952141
0.1755729586548428,0.10735865946792739,0.0,0.633256380659228,0.3215664644236073,0.3600721045515999,0.0,0.0,0.5217128463476071
0.036076240930553956,0.019232383137046467,0.0,0.6835962549698602,0.31016731016731014,0.10049571879224875,0.0,0.0,0.6134005037783375
0.0,0.0,0.0,0.741952032833141,0.27854384997242143,0.07886435331230283,0.0,0.0,0.670528967254408
0.0,0.0,0.0,0.7640759266384507,0.2892075749218606,0.0829202343397927,0.0,0.0,0.6550125944584383
0.0,0.0,0.0,0.5468128767474669,0.0737267880125023,0.09914375844975214,0.0,0.0,0.33884130982367755
0.0,0.0,0.0,0.5205848403232013,0.06140834712263285,0.12663361874718343,0.0,0.0,0.253904282115869
0.0,0.0,0.0,0.5803514172117482,0.10277624563338848,0.17260027039206852,0.0,0.0,0.3559697732997481
0.0,0.0,0.0,0.5803514172117482,0.07905865048722191,0.10094637223974763,0.0,0.0,0.3748110831234257
0.0,0.0,0.0,0.5561113248685392,0.0737267880125023,0.24560612888688596,0.0,0.0,0.32413098236775817
0.036076240930553956,0.019232383137046467,0.0,0.4395280235988201,0.12667769810626955,0.34114465975664715,0.0,0.0,0.3491183879093199
0.0,0.0,0.0,0.5468128767474669,0.093583379297665,0.18206399278954485,0.0,0.0,0.42317380352644834
0.0,0.0,0.0,0.5298832884442735,0.06140834712263285,0.19693555655700765,0.0,0.0,0.23858942065491184
0.05314983300702523,0.03846476627409293,0.0,0.5073746312684366,0.21143592572164,0.4231635872014421,0.0,0.0,0.2836272040302267
0.19388460209604977,0.1652708618905083,0.1111111111111111,0.3943183275618828,0.11104982533553964,0.6313654799459215,0.0,0.0,0.2944080604534005
0.0,0.0,0.0,0.710529690906759,0.18716675859533,0.08111762054979721,0.0,0.0,0.5519395465994962
0.0,0.0,0.0,0.6739130434782609,0.1765030336458908,0.09824245155475439,0.0,0.0,0.46629722921914357
0.05824599792698376,0.0746268917671413,0.05555555555555555,0.664037450301398,0.20592020592020593,0.0,0.0,0.0,0.5479093198992443
0.0,0.0,0.0,0.813005001923817,0.31770546056260346,0.09553853086976115,0.0,0.0,0.7544584382871536
0.0,0.0,0.0,0.8282672822880596,0.3318624747196176,0.08472284812978817,0.0,0.0,0.8723425692695213
0.05824599792698376,0.0746268917671413,0.05555555555555555,0.608695652173913,0.1888214745357603,0.14465975664713834,0.0,0.0,0.5551637279596977
0.0,0.0,0.0,0.710529690906759,0.1888214745357603,0.08111762054979721,0.0,0.0,0.4787909319899244
0.05824599792698376,0.0746268917671413,0.05555555555555555,0.6258817493907913,0.1888214745357603,0.05768364127985577,0.0,0.0,0.4406045340050378
0.0,0.0,0.0,0.7292548416057458,0.1974627688913403,0.08877872915727804,0.0,0.0,0.458639798488665
0.07491650351261085,0.05751706436903796,0.1111111111111111,0.6258817493907913,0.18955690384261814,0.03830554303740422,0.09090909090909091,0.0,0.4674055415617128
0.05824599792698376,0.0746268917671413,0.05555555555555555,0.6258817493907913,0.18955690384261814,0.05768364127985577,0.0,0.0,0.4777833753148614
0.0,0.0,0.0,0.8282672822880596,0.33480419194704913,0.08472284812978817,0.0,0.0,0.8380856423173803
0.0,0.0,0.0,0.7642683083237143,0.30814487957345105,0.13339342045966648,0.0,0.0,0.5559697732997481
0.15849936657837152,0.10795836014210983,0.0,0.6888546877003977,0.377826806398235,0.1451104100946372,0.09090909090909091,0.0,0.5799496221662468
0.13192445007485892,0.08872597700506336,0.0,0.6127997947928691,0.21419378562235705,0.08877872915727804,0.09090909090909091,0.0,0.43445843828715364
0.2658931244961419,0.30501685456122196,0.05555555555555555,0.659612671540336,0.4362934362934363,0.23479044614691305,0.09090909090909091,0.09090909090909091,0.416624685138539
0.05824599792698376,0.0746268917671413,0.05555555555555555,0.5711812235475183,0.17926089354660785,0.20549797205948625,0.0,0.0,0.5611083123425692
0.0,0.0,0.0,0.6567269462613826,0.17926089354660785,0.1694456962595764,0.0,0.0,0.5338035264483627
0.11499481745940343,0.18233872772540352,0.0,0.6878927792740798,0.43335171906600484,0.32492113564668773,0.2727272727272727,0.0,0.4625692695214106
0.0,0.0,0.0,0.6739130434782609,0.17926089354660785,0.09824245155475439,0.0,0.0,0.47435768261964734
0.07491650351261085,0.05751706436903796,0.1111111111111111,0.5883673207643967,0.17926089354660785,0.08156827399729608,0.09090909090909091,0.0,0.5348110831234256
0.05824599792698376,0.0746268917671413,0.05555555555555555,0.5883673207643967,0.17926089354660785,0.09869310500225326,0.0,0.0,0.4710327455919395
0.13192445007485892,0.08872597700506336,0.0,0.6127997947928691,0.21327449898878473,0.08877872915727804,0.09090909090909091,0.0,0.45722921914357684
0.0,0.0,0.0,0.7974220854174682,0.3186247471961758,0.1117620549797206,0.0,0.0,0.691889168765743
0.07491650351261085,0.05751706436903796,0.1111111111111111,0.5883673207643967,0.17926089354660785,0.08156827399729608,0.09090909090909091,0.0,0.46549118387909316
0.08482091443049637,0.09385927490418776,0.05555555555555555,0.6597409259971785,0.3469387755102041,0.15006759801712483,0.0,0.0,0.6032241813602015
0.13192445007485892,0.08872597700506336,0.0,0.5956136975759908,0.21217135502849788,0.20054078413699863,0.09090909090909091,0.0,0.41773299748110826
0.21631348612230794,0.1761931071138837,0.16666666666666666,0.702706169039374,0.489428203713918,0.18972510139702567,0.45454545454545453,0.0,0.6577329974811084
0.0,0.0,0.0,0.6363986148518661,0.16988416988416988,0.13249211356466875,0.0,0.0,0.40463476070528964
0.1196878958885178,0.10014826419000196,0.05555555555555555,0.6172887007823522,0.4214009928295642,0.3303289770166742,0.18181818181818182,0.0,0.4906801007556675
0.12242312564781758,0.07747678126835819,0.0,0.717711940489932,0.3502482073910645,0.2861649391617846,0.0,0.0,0.46236775818639797
0.13192445007485892,0.08872597700506336,0.0,0.5742593305117353,0.2057363485934915,0.15141955835962145,0.09090909090909091,0.0,0.42196473551637276
0.0,0.0,0.0,0.7642683083237143,0.31310902739474167,0.13339342045966648,0.0,0.0,0.6132997481108312
0.0,0.0,0.0,0.6965499551109401,0.29509100937672367,0.199188823794502,0.0,0.0,0.5545591939546599
0.0,0.0,0.0,0.7974220854174682,0.3232211803640375,0.1117620549797206,0.0,0.0,0.8098740554156171
0.0,0.0,0.0,0.7974220854174682,0.31476374333517193,0.1117620549797206,0.0,0.0,0.6919899244332494
0.08689393066912357,0.084851526002182,0.0,0.6871873797614467,0.4328001470858614,0.26408292023433977,0.2727272727272727,0.0,0.6136020151133501
0.0,0.0,0.0,0.6663460305245608,0.24710424710424708,0.17890941865705276,0.0,0.0,0.5418639798488665
0.0,0.0,0.0,0.6363986148518661,0.16878102592388305,0.13249211356466875,0.0,0.0,0.421360201511335
0.13192445007485892,0.08872597700506336,0.0,0.5742593305117353,0.2037139179996323,0.15141955835962145,0.09090909090909091,0.0,0.3746095717884131
0.0,0.0,0.0,0.6965499551109401,0.29251700680272114,0.199188823794502,0.0,0.0,0.5560705289672544
0.0,0.0,0.0,0.6663460305245608,0.24342710056995767,0.17890941865705276,0.0,0.0,0.4923929471032746
0.0,0.0,0.0,0.5977940233423111,0.1575657289943004,0.18837314105452904,0.0,0.0,0.3824685138539043
0.0,0.0,0.0,0.6363986148518661,0.16694245265673835,0.13249211356466875,0.0,0.0,0.47002518891687656
0.20925947253253485,0.12819956919461772,0.05555555555555555,0.43920738745671417,0.24912667769810626,0.5150968904912122,0.36363636363636365,0.09090909090909091,0.24685138539042822
0.0633421628469423,0.127895347861359,0.0,0.6687828652045659,0.44695716124287554,0.3019378098242451,0.09090909090909091,0.0,0.4814105793450882
0.17799147759990788,0.12819956919461772,0.0,0.4605617545209696,0.25831954403382973,0.5700766110860749,0.36363636363636365,0.09090909090909091,0.29279596977329975
0.0,0.10462416426553278,0.0,0.5298832884442735,0.07905865048722191,0.7692654348805769,0.0,0.0,0.19103274559193953
0.18922031555913854,0.17706206115198478,0.1111111111111111,0.3983583429524176,0.17926089354660785,0.36502929247408744,0.18181818181818182,0.09090909090909091,0.36211586901763226
0.21470114015893124,0.23112603854868943,0.1111111111111111,0.52052071309478,0.45982717411288837,0.3668319062640829,0.2727272727272727,0.09090909090909091,0.36473551637279594
0.12449614188644478,0.10387060452625395,0.0,0.6952674105425163,0.46736532450818163,0.2834610184767914,0.2727272727272727,0.0,0.4490680100755667
0.114361395830934,0.11534359526673568,0.05555555555555555,0.6242785686802617,0.5087332230189373,0.38215412347904465,0.09090909090909091,0.0,0.5674559193954659
0.18472878037544627,0.1616744062438806,0.0,0.6450557906887264,0.5966170251884537,0.40288418206399285,0.36363636363636365,0.18181818181818182,0.4748614609571788
0.17079350454911899,0.13673175371359833,0.0,0.7232268821341541,0.5651774223202795,0.30689499774673273,0.09090909090909091,0.18181818181818182,0.8523929471032746
0.17079350454911899,0.21519987691274792,0.0,0.6837886366551238,0.5719801434087148,0.32131590806669674,0.09090909090909091,0.18181818181818182,0.8620654911838791
0.17079350454911899,0.13673175371359833,0.0,0.720790047454149,0.549733406876264,0.1640378548895899,0.09090909090909091,0.18181818181818182,0.9897229219143576
0.17079350454911899,0.13673175371359833,0.0,0.6639091958445557,0.5394373965802538,0.2825597115817936,0.09090909090909091,0.18181818181818182,0.9008564231738035
0.3287746170678337,0.17597980250090917,0.16666666666666666,0.4660125689367705,0.37874609303180734,0.3609734114465976,0.5454545454545454,0.09090909090909091,0.2429219143576826
0.21706207531959001,0.11749937057655187,0.0,0.6045273823265358,0.3280014708586137,0.3564668769716089,0.09090909090909091,0.18181818181818182,0.6401007556675062
0.2826787976505816,0.10860876437183539,0.0,0.4644093882262409,0.15444015444015446,0.2082018927444795,0.18181818181818182,0.18181818181818182,0.6175314861460958
0.17079350454911899,0.16288779477998153,0.0,0.6877645248172374,0.5445854017282589,0.28210905813429477,0.09090909090909091,0.18181818181818182,0.9079093198992442
0.17079350454911899,0.13673175371359833,0.0,0.6772476593561626,0.5394373965802538,0.21586300135196035,0.09090909090909091,0.18181818181818182,1.0
0.10439940112864217,0.10515567739950206,0.0,0.6249839681928946,0.45394373965802537,0.3699864803965751,0.18181818181818182,0.09090909090909091,0.48342569269521407
0.14272140965104227,0.112998992922483,0.0,0.3967551622418879,0.18183489612061043,0.3704371338440739,0.2727272727272727,0.09090909090909091,0.32423173803526445
0.6845272371300242,0.38997503286989116,0.4444444444444444,0.4186866743619341,0.4134951277808421,0.3420459666516449,0.6363636363636364,0.09090909090909091,0.28272040302267
0.12406426350339746,0.10148054382185918,0.1111111111111111,0.3889957676029242,0.0737267880125023,0.3920684993240198,0.09090909090909091,0.09090909090909091,0.2546095717884131
0.4801048024876195,0.43727795339469044,0.3333333333333333,0.5180197511863537,0.8032726604155175,0.3893645786390266,0.5454545454545454,0.36363636363636365,0.4179345088161208
0.13825866635955317,0.10694254063278037,0.1111111111111111,0.5793895087854303,0.35282220996506714,0.24560612888688596,0.18181818181818182,0.0,0.41430730478589417
0.12406426350339746,0.10148054382185918,0.1111111111111111,0.572463768115942,0.20831035116749402,0.1013970256872465,0.09090909090909091,0.09090909090909091,0.2242821158690176
0.24222618910514798,0.11503412873807592,0.2222222222222222,0.3214056688469924,0.04136789851075567,0.02433528616493916,0.18181818181818182,0.0,0.37904282115869015
0.20194633191293332,0.08900746915825104,0.16666666666666666,0.49634474797999234,0.22118036403750688,0.13970256872465073,0.18181818181818182,0.0,0.3379345088161209
0.07491650351261085,0.05751706436903796,0.1111111111111111,0.42631781454405543,0.06140834712263285,0.48039657503379896,0.09090909090909091,0.0,0.30337531486146097
0.1498330070252217,0.11503412873807592,0.2222222222222222,0.34583814287546494,0.06140834712263285,0.5989184317260028,0.18181818181818182,0.0,0.32604534005037783
0.1958136588736612,0.16188945925532214,0.16666666666666666,0.39521610875977936,0.21511307225592938,0.2757999098693105,0.2727272727272727,0.09090909090909091,0.36806045340050375
0.07491650351261085,0.05751706436903796,0.1111111111111111,0.5883673207643967,0.17999632285346573,0.08156827399729608,0.09090909090909091,0.0,0.5076070528967255
0.07491650351261085,0.05751706436903796,0.1111111111111111,0.6258817493907913,0.18716675859533,0.03830554303740422,0.09090909090909091,0.0,0.5348110831234256
0.07491650351261085,0.05751706436903796,0.1111111111111111,0.5497627292548416,0.16988416988416988,0.14240648940964398,0.09090909090909091,0.0,0.6334508816120906
0.1498330070252217,0.11503412873807592,0.2222222222222222,0.47062972938309605,0.16878102592388305,0.2032447048219919,0.18181818181818182,0.0,0.4172292191435768
0.07491650351261085,0.05751706436903796,0.1111111111111111,0.5099397204052841,0.1575657289943004,0.24064894096439834,0.09090909090909091,0.0,0.5288664987405541
0.2601923298399171,0.23015043220410103,0.16666666666666666,0.43465435423880977,0.31366059937488505,0.4650743578188374,0.2727272727272727,0.09090909090909091,0.19647355163727961
0.3732005067373028,0.2899439113771785,0.3333333333333333,0.5867000128254457,0.38205552491266775,0.22262280306444346,0.6363636363636364,0.0,0.4314357682619647
0.036076240930553956,0.019232383137046467,0.0,0.3771963575734257,0.09192866335723479,0.6543488057683642,0.0,0.0,0.22267002518891685
0.036076240930553956,0.019232383137046467,0.0,0.5116711555726561,0.23423423423423423,0.3357368183866607,0.0,0.0,0.39254408060453394
0.2157088563860417,0.24264798444624722,0.05555555555555555,0.6160061562139284,0.3359073359073359,0.3871113114015322,0.18181818181818182,0.09090909090909091,0.5218136020151133
0.07572267649429922,0.14166398578901726,0.0,0.7596511478773887,0.5398051112336827,0.3199639477242001,0.0,0.09090909090909091,0.8050377833753148
0.16756881262236556,0.20321985061683498,0.1111111111111111,0.6383224317045018,0.41937856223570513,0.23524109959441192,0.18181818181818182,0.09090909090909091,0.7738035264483626
0.11842105263157895,0.10694254063278037,0.1111111111111111,0.6691035013466717,0.3987865416436845,0.15592609283461017,0.18181818181818182,0.0,0.7411586901763223
0.0491477599907866,0.04396347945282122,0.0,0.7283570604078492,0.30501930501930496,0.0946372239747634,0.0,0.0,0.6319395465994962
0.0982955199815732,0.08792695890564244,0.0,0.504104142618956,0.1974627688913403,0.3726904010815683,0.0,0.0,0.49158690176322417
0.0982955199815732,0.08792695890564244,0.0,0.5565602154674876,0.26015811730097443,0.26363226678684093,0.0,0.0,0.5463979848866498
0.16756881262236556,0.1509060200856016,0.1111111111111111,0.6475567525971527,0.47012318440889866,0.430824695808923,0.18181818181818182,0.18181818181818182,0.4158186397984886
0.10739375791777035,0.11859037121996252,0.05555555555555555,0.650378350647685,0.3892259606545321,0.3911671924290221,0.0,0.0,0.5086146095717884
0.21081423471150523,0.10694254063278037,0.1111111111111111,0.336283185840708,0.1461665747380033,0.14330779630464172,0.18181818181818182,0.09090909090909091,0.367455919395466
0.34760451456869745,0.2591476207793661,0.05555555555555555,0.4195203283314095,0.3610957896672182,0.39612438035150965,0.36363636363636365,0.09090909090909091,0.3411586901763224
0.11842105263157895,0.10694254063278037,0.1111111111111111,0.34314479928177505,0.1334804191947049,0.5326723749436684,0.18181818181818182,0.0,0.10740554156171282
0.5264021651502937,0.55172636864632,0.2777777777777778,0.5199435680389894,0.8882147453576026,0.4821991888237945,0.0,0.09090909090909091,0.37904282115869015
0.5846481630772774,0.6263532604134613,0.3333333333333333,0.4747338720020521,0.8896856039713184,0.47949526813880133,0.0,0.09090909090909091,0.44775818639798487
0.0982955199815732,0.08792695890564244,0.0,0.41823778376298576,0.15444015444015446,0.5461919783686346,0.0,0.0,0.3693702770780856
0.058476333064609004,0.049425476263742406,0.0,0.3958573810439913,0.0737267880125023,0.807570977917981,0.09090909090909091,0.09090909090909091,0.058639798488664976
0.2238857537717379,0.2678459031527121,0.16666666666666666,0.4492112350904194,0.2090457804743519,0.21901757548445247,0.0,0.0,0.35738035264483625
0.0491477599907866,0.04396347945282122,0.0,0.5268051814800564,0.18183489612061043,0.2911221270842722,0.0,0.0,0.3883123425692695
0.19017044800184268,0.16335286877220467,0.05555555555555555,0.4998076183147364,0.20040448611877182,0.2266786840919333,0.09090909090909091,0.0,0.3931486146095718
0.09406311182770932,0.0831118695275128,0.0,0.6200461716044633,0.32597904026475455,0.270392068499324,0.18181818181818182,0.0,0.4313350125944584
0.15711735575262006,0.07173329230424931,0.0,0.7204694113120431,0.4743519029233315,0.5515998197386209,0.0,0.0,0.543073047858942
0.2507197973050789,0.19513525610540747,0.05555555555555555,0.5255226369116327,0.49016363302077587,0.3623253717890942,0.2727272727272727,0.0,0.4134005037783375
0.12242312564781758,0.07747678126835819,0.0,0.5078235218673849,0.22816694245265676,0.3952230734565119,0.0,0.0,0.397984886649874
0.12242312564781758,0.07747678126835819,0.0,0.5914454277286135,0.3020775877918735,0.34880576836412797,0.0,0.0,0.4481612090680101
0.15760681792007372,0.06861939463451479,0.0,0.613120430934975,0.31366059937488505,0.29968454258675076,0.0,0.0,0.5997984886649874
0.23246573764827824,0.10694254063278037,0.1111111111111111,0.39348467359240735,0.16878102592388305,0.13384407390716538,0.18181818181818182,0.09090909090909091,0.41299748110831236
0.08698030634573305,0.06319586258986769,0.0,0.5586122867769655,0.24710424710424708,0.28931951329427674,0.0,0.09090909090909091,0.39395465994962214
0.17312564781757458,0.1336615660055389,0.0,0.5600872130306528,0.33976833976833976,0.5903560162235242,0.36363636363636365,0.0,0.3121410579345088
0.11162616607163424,0.038737516434945586,0.0,0.5915736821854559,0.3013421584850156,0.2604776926543488,0.0,0.0,0.39083123425692695
0.3416158009904411,0.3682127171510896,0.05555555555555555,0.6553161472361164,0.5072623644052215,0.3014871563767463,0.09090909090909091,0.18181818181818182,0.4412090680100756
0.15654151790855694,0.16255385067278372,0.05555555555555555,0.6297293830960626,0.3789299503585218,0.2834610184767914,0.0,0.09090909090909091,0.35032745591939546
0.10739375791777035,0.11859037121996252,0.05555555555555555,0.7050147492625369,0.38628424342710055,0.38575935105903564,0.0,0.09090909090909091,0.447153652392947
0.33150984682713347,0.36123485886927575,0.16666666666666666,0.3383993843786071,0.24508181651038796,0.5475439387111312,0.09090909090909091,0.2727272727272727,0.263375314861461
0.13396867442128296,0.137822754357009,0.05555555555555555,0.5471335128895729,0.26751241036955326,0.2974312753492564,0.0,0.09090909090909091,0.2947103274559194
0.13396867442128296,0.137822754357009,0.05555555555555555,0.5643196101064513,0.26751241036955326,0.2082018927444795,0.0,0.09090909090909091,0.36886649874055416
0.2996084302660371,0.3310417657425798,0.16666666666666666,0.5370655380274465,0.40393454679168966,0.3334835511491663,0.0,0.18181818181818182,0.40957178841309827
0.16563975584475413,0.19321901138557082,0.1111111111111111,0.5187251506989868,0.20040448611877182,0.24019828751689948,0.0,0.09090909090909091,0.29682619647355163
0.21942301048024876,0.20545605225613336,0.16666666666666666,0.48512248300628447,0.22982165839308696,0.042361424064894085,0.18181818181818182,0.09090909090909091,0.35486146095717885
0.14666589888287457,0.1331090720899656,0.05555555555555555,0.6551237655508528,0.3844456701599559,0.36052275799909866,0.2727272727272727,0.0,0.3917380352644836
0.19518023724519176,0.18854554228326853,0.1111111111111111,0.5638707195075029,0.4123919838205552,0.5042812077512392,0.09090909090909091,0.09090909090909091,0.38236775818639795
0.24352182425429,0.22683022351526,0.2222222222222222,0.47268180069257404,0.4004412575841147,0.4425416854438936,0.18181818181818182,0.09090909090909091,0.3808564231738035
0.23594955660486008,0.2746052116261505,0.2222222222222222,0.5004488905989484,0.4274682846111418,0.4357818837314106,0.09090909090909091,0.0,0.3178841309823678
0.16491995853967523,0.12534967969340086,0.16666666666666666,0.5495703475695781,0.4513697370840228,0.3551149166291122,0.18181818181818182,0.0,0.42146095717884124
0.2730335137625245,0.3118093826055333,0.16666666666666666,0.5198794408105681,0.4396028681742967,0.2978819287967553,0.0,0.0,0.386801007556675
0.05824599792698376,0.0746268917671413,0.05555555555555555,0.4646658971399256,0.0737267880125023,0.6385759351059035,0.0,0.0,0.17108312342569268
0.05824599792698376,0.0746268917671413,0.05555555555555555,0.4908939335641913,0.07905865048722191,0.08787742226228029,0.0,0.0,0.290176322418136
0.1511286421743637,0.18074418832349567,0.16666666666666666,0.35455944594074645,0.15444015444015446,0.662009914375845,0.09090909090909091,0.0,0.2856423173803526
0.11649199585396752,0.1492555319327496,0.1111111111111111,0.34583814287546494,0.06140834712263285,0.6967102298332581,0.0,0.0,0.0
0.08482091443049637,0.09385927490418776,0.05555555555555555,0.4081698089008593,0.12465526751241035,0.7530419107706173,0.0,0.0,0.09551637279596978
0.11139583093400898,0.11309165804123424,0.05555555555555555,0.40509170193664235,0.21143592572164,0.761604326273096,0.0,0.0,0.14186397984886648
0.9686456293907636,0.9635388983690938,0.8888888888888888,0.07996665384122098,0.6067291781577495,0.49211356466876977,0.6363636363636364,0.0,0.2977329974811083
0.3322008522400092,0.31343364478138025,0.16666666666666666,0.4921123509041939,0.3748850891708035,0.22803064443442994,0.18181818181818182,0.09090909090909091,0.29249370277078085
1.0,1.0,1.0,0.0,0.6662989520132376,0.4997746732762506,0.45454545454545453,0.0,0.29884130982367757
0.2821317516987216,0.3424727949198534,0.2222222222222222,0.3361549313838656,0.22320279463136605,0.35376295628661564,0.0,0.09090909090909091,0.307808564231738
0.39862374755268914,0.49172832685260304,0.3333333333333333,0.505835577786328,0.5291413862842435,0.416403785488959,0.0,0.0,0.5208060453400504
0.05824599792698376,0.0746268917671413,0.05555555555555555,0.5711812235475183,0.17926089354660785,0.20549797205948625,0.0,0.0,0.4765743073047859
0.05824599792698376,0.0746268917671413,0.05555555555555555,0.5606002308580222,0.16988416988416988,0.10815682739972961,0.0,0.0,0.4374811083123426
0.05824599792698376,0.0746268917671413,0.05555555555555555,0.5497627292548416,0.16988416988416988,0.15863001351960343,0.0,0.0,0.4336523929471033
0.19017044800184268,0.16335286877220467,0.05555555555555555,0.4998076183147364,0.2057363485934915,0.2266786840919333,0.09090909090909091,0.0,0.3923425692695214
0.05824599792698376,0.0746268917671413,0.05555555555555555,0.6138899576760293,0.29509100937672367,0.2325371789094187,0.0,0.0,0.4580352644836272
0.11649199585396752,0.1492555319327496,0.1111111111111111,0.6464665897139925,0.3897775326346755,0.33753943217665616,0.0,0.0,0.4876574307304785
0.05824599792698376,0.0746268917671413,0.05555555555555555,0.5824676157496473,0.24710424710424708,0.2149616944569626,0.0,0.0,0.452191435768262
0.05824599792698376,0.0746268917671413,0.05555555555555555,0.5099397204052841,0.1575657289943004,0.2577737719693556,0.0,0.0,0.37561712846347606
0.05824599792698376,0.0746268917671413,0.05555555555555555,0.5497627292548416,0.16694245265673835,0.15863001351960343,0.0,0.0,0.4147103274559194
0.05824599792698376,0.0746268917671413,0.05555555555555555,0.6138899576760293,0.28865600294171717,0.2325371789094187,0.0,0.0,0.5297732997481108
0.16166647472071866,0.06298080957842615,0.1111111111111111,0.37071950750288574,0.1334804191947049,0.178008111762055,0.18181818181818182,0.0,0.3493198992443325
0.1771277208338132,0.07331034772148712,0.0,0.6344106707708094,0.24030152601581173,0.17169896349707076,0.09090909090909091,0.18181818181818182,0.4846347607052897
0.12797996084302662,0.02934861666713291,0.0,0.647300243683468,0.2623644052215481,0.21451104100946372,0.09090909090909091,0.09090909090909091,0.6022166246851385
0.12797996084302662,0.02934861666713291,0.0,0.6269077850455304,0.23552123552123555,0.1892744479495268,0.09090909090909091,0.09090909090909091,0.6466498740554156
0.25595992168605325,0.058695484935798806,0.0,0.695844555598307,0.2676962676962677,0.12933753943217663,0.18181818181818182,0.18181818181818182,0.6324433249370277
0.12797996084302662,0.02934861666713291,0.0,0.6227395151981532,0.20849420849420847,0.16043262730959892,0.09090909090909091,0.09090909090909091,0.60544080604534
0.1847863641598526,0.0,0.0,0.4102218802103373,0.02849788564074279,0.5493465525011266,0.0,0.09090909090909091,0.447153652392947
0.14663710699067142,0.0,0.0,0.44876234449147107,0.2730281301709873,0.39026588553402436,0.2727272727272727,0.0,0.2436272040302267
0.23013359437982267,0.02934861666713291,0.05555555555555555,0.5268051814800564,0.2277992277992278,0.2307345651194232,0.09090909090909091,0.0,0.44050377833753146
0.3399170793504549,0.1492555319327496,0.2222222222222222,0.4081698089008593,0.14120242691671264,0.3515096890491212,0.0,0.0,0.3663476070528967
0.2485891972820454,0.18416055892802194,0.05555555555555555,0.5169937155316147,0.3621989336275051,0.3163587201442091,0.45454545454545453,0.0,0.4076574307304786
0.47549809973511464,0.32502202982068423,0.0,0.4502372707451584,0.2956425813568671,0.6885984677782786,0.2727272727272727,0.0,0.37561712846347606
0.34357364966025566,0.23591315355134698,0.0,0.4318968834166987,0.29178157749586325,0.7697160883280758,0.18181818181818182,0.0,0.32413098236775817
0.26384890014971785,0.17745195401012673,0.0,0.5569449788380145,0.23827909542195252,0.27174402884182064,0.18181818181818182,0.0,0.5359193954659949
0.38791316365311523,0.2789324978319859,0.1111111111111111,0.5191099140695139,0.2807501378929951,0.24200090130689497,0.2727272727272727,0.09090909090909091,0.3038790931989924
0.3220948980767016,0.252078845777268,0.05555555555555555,0.5254585096832115,0.25317153888582455,0.25146462370437134,0.18181818181818182,0.0,0.47032745591939545
0.39577335022457677,0.2661779310151901,0.0,0.5646402462485571,0.2807501378929951,0.2451554754393871,0.2727272727272727,0.0,0.4300251889168765
0.45401934815156053,0.3408048227823314,0.05555555555555555,0.512312427856868,0.2807501378929951,0.16493916178458765,0.2727272727272727,0.0,0.33329974811083124
0.13192445007485892,0.08872597700506336,0.0,0.5784276003591124,0.2147453576025005,0.3303289770166742,0.09090909090909091,0.0,0.3885138539042821
0.2068409535874698,0.14624304137410132,0.1111111111111111,0.5396306271642939,0.2147453576025005,0.11266336187471834,0.18181818181818182,0.0,0.43999999999999995
0.26384890014971785,0.17745195401012673,0.0,0.5569449788380145,0.24526567383710243,0.27174402884182064,0.18181818181818182,0.0,0.3623173803526448
0.26384890014971785,0.17745195401012673,0.0,0.5741310760548929,0.24526567383710243,0.11807120324470484,0.18181818181818182,0.0,0.5319899244332493
0.3220948980767016,0.252078845777268,0.05555555555555555,0.5028215980505323,0.24526567383710243,0.1960342496620099,0.18181818181818182,0.0,0.45178841309823675
0.26384890014971785,0.17745195401012673,0.0,0.5343080672053353,0.23662437948152232,0.2199188823794502,0.18181818181818182,0.0,0.3495214105793451
0.13192445007485892,0.08872597700506336,0.0,0.5784276003591124,0.2097812097812098,0.3303289770166742,0.09090909090909091,0.0,0.44695214105793446
0.13192445007485892,0.08872597700506336,0.0,0.5956136975759908,0.2097812097812098,0.20054078413699863,0.09090909090909091,0.0,0.4522921914357682
0.13192445007485892,0.08872597700506336,0.0,0.6127997947928691,0.2097812097812098,0.08877872915727804,0.09090909090909091,0.0,0.4531989924433249
0.13192445007485892,0.08872597700506336,0.0,0.5343721944337566,0.1926824783967641,0.25281658404686796,0.09090909090909091,0.0,0.3519395465994962
0.13192445007485892,0.08872597700506336,0.0,0.557073233294857,0.20040448611877182,0.2978819287967553,0.09090909090909091,0.0,0.4048362720403022
0.0,0.0,0.0,0.6671796844940362,0.2735797021511307,0.23479044614691305,0.0,0.0,0.34790931989924434
0.022342508349648738,0.0,0.0,0.5494420931127356,0.3125574554145983,0.34790446146913023,0.18181818181818182,0.0,0.4924937027707808
0.026574916503512614,0.019232383137046467,0.0,0.6310760548929075,0.3110865968008825,0.2974312753492564,0.0,0.0,0.5351133501259445
0.0,0.0,0.0,0.6619212517634988,0.28295642581356867,0.2505633168093736,0.0,0.0,0.4823173803526448
0.04546239778878268,0.0,0.05555555555555555,0.5967038604591509,0.2967457253171539,0.21225777377196936,0.09090909090909091,0.0,0.4612594458438287
0.04546239778878268,0.0,0.05555555555555555,0.5309734513274336,0.21621621621621626,0.23839567372690404,0.09090909090909091,0.0,0.49843828715365235
0.0,0.0,0.0,0.7693343593689881,0.4101856958999816,0.18386660657954032,0.0,0.0,0.5926448362720402
0.0,0.0,0.0,0.7186097216878287,0.3434454863026291,0.1888237945020279,0.0,0.0,0.6205541561712846
0.0,0.0,0.0,0.6911632679235603,0.3125574554145983,0.2149616944569626,0.0,0.0,0.5323929471032744
0.0,0.0,0.0,0.6911632679235603,0.3175216032358889,0.2149616944569626,0.0,0.0,0.6627707808564232
0.03783254635494645,0.01662202422580916,0.0,0.6533923303834809,0.3667953667953668,0.22622803064443445,0.0,0.0,0.4649874055415617
0.08130830358171139,0.0,0.0,0.7186097216878287,0.3667953667953668,0.16629112212708427,0.0,0.0,0.5949622166246851
0.0,0.0,0.0,0.6304989098371169,0.23607280750137888,0.23614240648940968,0.0,0.0,0.40554156171284633
0.03711274904986756,0.02934861666713291,0.0,0.5458509683211492,0.23607280750137888,0.26408292023433977,0.09090909090909091,0.0,0.36161209068010075
0.03711274904986756,0.02934861666713291,0.0,0.609016288316019,0.3175216032358889,0.2338891392519153,0.09090909090909091,0.0,0.47647355163727956
0.03711274904986756,0.02934861666713291,0.0,0.5458509683211492,0.23607280750137888,0.26408292023433977,0.09090909090909091,0.0,0.34337531486146095
0.3825290798111252,0.058695484935798806,0.0,0.5988200589970502,0.45725317153888584,0.13114015322217212,0.18181818181818182,0.0,0.3523425692695214
0.08130830358171139,0.0,0.0,0.6619212517634988,0.2967457253171539,0.16719242902208203,0.0,0.0,0.5516372795969774
0.08130830358171139,0.0,0.0,0.5961908426317816,0.21621621621621626,0.16899504281207753,0.0,0.0,0.32594458438287155
0.03711274904986756,0.02934861666713291,0.0,0.44337565730409134,0.14708586137157567,0.34114465975664715,0.09090909090909091,0.0,0.1705793450881612
0.08130830358171139,0.0,0.0,0.4885853533410286,0.12263283691855122,0.17395223073456514,0.0,0.0,0.2316372795969773
0.22926983761372796,0.13615653061795396,0.1111111111111111,0.4983968192894703,0.3721272292700864,0.38080216313654797,0.45454545454545453,0.0,0.4969269521410579
0.0,0.0,0.0,0.5886879569065026,0.1575657289943004,0.24785939612438035,0.0,0.0,0.37964735516372794
0.802717954623978,0.7224225109799424,0.2777777777777778,0.3927792740797743,1.0,0.5750337990085623,1.0,1.0,0.46921914357682615
0.0,0.0,0.0,0.6297293830960626,0.19764662621805482,0.4159531320414601,0.0,0.0,0.3697732997481108
0.0491477599907866,0.04396347945282122,0.0,0.4193920738745672,0.06140834712263285,0.4718341595313205,0.0,0.0,0.591536523929471
0.06849591155130715,0.0543035079866842,0.0,0.393035782993459,0.02849788564074279,0.5056331680937359,0.09090909090909091,0.09090909090909091,0.0942065491183879
0.07572267649429922,0.06319586258986769,0.0,0.5899705014749262,0.2673285530428388,0.5137449301487157,0.0,0.09090909090909091,0.48
0.12487043648508579,0.1071593420426889,0.0,0.6458894446582019,0.4362934362934363,0.3740423614240649,0.0,0.09090909090909091,0.5459949622166247
0.16730968559253714,0.05751706436903796,0.1111111111111111,0.393035782993459,0.04136789851075567,0.13249211356466875,0.09090909090909091,0.09090909090909091,0.35425692695214106
0.11649199585396752,0.1492555319327496,0.1111111111111111,0.45863793766833394,0.12667769810626955,0.5917079765660208,0.0,0.0,0.11062972292191434
0.08482091443049637,0.09385927490418776,0.05555555555555555,0.5178273695010901,0.24875896304467737,0.4141505182514646,0.0,0.0,0.25108312342569267
0.11035932281469538,0.09468626737908076,0.05555555555555555,0.5658586635885597,0.29178157749586325,0.34880576836412797,0.09090909090909091,0.0,0.4675062972292191
0.13054243924910747,0.059630878115646074,0.0,0.49653712966525587,0.19157933443647726,0.744479495268139,0.0,0.0,0.2727455919395466
0.11649199585396752,0.1492555319327496,0.1111111111111111,0.6670514300371938,0.39032910461481896,0.3055430374042361,0.0,0.0,0.5287657430730478
0.0,0.0,0.0,0.6363344876234449,0.1575657289943004,0.5173501577287067,0.0,0.0,0.4732493702770781
0.0491477599907866,0.04396347945282122,0.0,0.505835577786328,0.15444015444015446,0.5853988283010365,0.0,0.0,0.3946599496221662
0.0,0.0,0.0,0.6828908554572273,0.18330575473432617,0.6056782334384858,0.0,0.0,0.5388413098236775
0.0,0.0,0.0,0.7226497370783636,0.23883066740209596,0.594411897251014,0.0,0.0,0.5216120906801007
0.15144535298859843,0.12639172517973538,0.0,0.8198024881364627,0.5809891524177239,0.5051825146462371,0.0,0.18181818181818182,0.6117884130982367
0.16166647472071866,0.06298080957842615,0.1111111111111111,0.5397588816211364,0.2706379849236992,0.3889139251915277,0.18181818181818182,0.0,0.342367758186398
0.15711735575262006,0.07173329230424931,0.0,0.6207515711170963,0.3495127780842066,0.7674628210905813,0.0,0.0,0.47758186397984886
0.2959230680640332,0.035427798136906594,0.0,0.6263947672181609,0.3495127780842066,0.2672374943668319,0.0,0.0,0.7611083123425693
0.13635840147414488,0.09800647606792179,0.0,0.6296652558676413,0.4543114543114543,0.32041460117169895,0.2727272727272727,0.0,0.48574307304785885
0.27317747322354025,0.18291395082104792,0.0,0.6741054251635245,0.37065637065637064,0.46552501126633616,0.2727272727272727,0.0,0.6942065491183879
0.13131982033859266,0.049425476263742406,0.0,0.6116455046812878,0.3335171906600478,0.30058584948174855,0.09090909090909091,0.0,0.5467002518891687
0.058476333064609004,0.049425476263742406,0.0,0.5942670257791458,0.27615370472513323,0.45155475439387105,0.09090909090909091,0.09090909090909091,0.2978337531486146
0.3491304848554647,0.010925742020309395,0.0,0.5262921636526868,0.3052031623460195,0.22442541685443895,0.18181818181818182,0.0,0.5898236775818639
0.20194633191293332,0.08900746915825104,0.16666666666666666,0.3958573810439913,0.10608567751424894,0.21406038756196485,0.18181818181818182,0.0,0.3842821158690176
0.034636646320396175,0.031490404789213076,0.05555555555555555,0.4646658971399256,0.093583379297665,0.7052726453357369,0.09090909090909091,0.0,0.3018639798488665
0.034636646320396175,0.031490404789213076,0.05555555555555555,0.55399512633064,0.20849420849420847,0.37674628210905814,0.09090909090909091,0.0,0.5378337531486146
0.18061153979039501,0.15102316278289088,0.1111111111111111,0.5794536360138515,0.28424342710056993,0.44885083370887785,0.45454545454545453,0.0,0.350528967254408
0.25345502706437867,0.15102316278289088,0.1111111111111111,0.559125304604335,0.2895752895752896,0.3956737269040108,0.45454545454545453,0.0,0.35345088161209065
0.07572267649429922,0.06319586258986769,0.0,0.4509426702577915,0.10608567751424894,0.7210455159981974,0.0,0.09090909090909091,0.19828715365239294
0.3081308303581711,0.09149369177833104,0.0,0.4544055405925356,0.2967457253171539,0.4290220820189275,0.09090909090909091,0.0,0.5682619647355163
0.15711735575262006,0.07173329230424931,0.0,0.6986661536488393,0.3655083655083655,0.5479945921586301,0.0,0.0,0.6486649874055415
0.2380225728434873,0.08295626206394943,0.05555555555555555,0.6536488392971656,0.3557639271924986,0.5552050473186119,0.09090909090909091,0.0,0.8051385390428211
0.3741506391800069,0.05337860519763896,0.0,0.48678979094523533,0.30097444383158667,0.5241099594411897,0.0,0.0,0.9096221662468513
0.0,0.0,0.0,0.6020264204181095,0.18183489612061043,0.35241099594411895,0.0,0.0,0.4413098236775818
0.2634170217666705,0.20522001846308782,0.2777777777777778,0.3922662562524048,0.1595881595881596,0.6038756196484902,0.45454545454545453,0.0,0.18750629722921916
0.009328573073822413,0.005461996810921197,0.0,0.71867384891625,0.41790770362198937,0.3474538080216314,0.09090909090909091,0.0,0.5470025188916876
0.12797996084302662,0.02934861666713291,0.0,0.48755931768628963,0.06140834712263285,0.18206399278954485,0.09090909090909091,0.09090909090909091,0.5336020151133501
0.034636646320396175,0.031490404789213076,0.05555555555555555,0.40233423111453126,0.02849788564074279,0.854438936457864,0.09090909090909091,0.0,0.28574307304785895
0.21878958885177932,0.12898634850476964,0.05555555555555555,0.4170193664229832,0.20095605809891523,0.3794502027940514,0.18181818181818182,0.09090909090909091,0.6893702770780856
0.136934239318208,0.11391690211766023,0.05555555555555555,0.5140438630242401,0.302261445118588,0.4934655250112663,0.09090909090909091,0.0,0.4824181360201511
0.16166647472071866,0.06298080957842615,0.1111111111111111,0.3958573810439913,0.10277624563338848,0.26813880126182965,0.18181818181818182,0.0,0.37309823677581866
0.06121156282390879,0.12919091112540915,0.05555555555555555,0.6796844940361678,0.43813200956058096,0.37854889589905366,0.09090909090909091,0.0,0.5703778337531487
0.2981688356558793,0.2338920049234901,0.0,0.616519174041298,0.5616841331127045,0.3929698062190176,0.2727272727272727,0.18181818181818182,0.6314357682619647
0.31800644938385353,0.2466063585755448,0.05555555555555555,0.5908041554444017,0.4574370288656003,0.42136097341144657,0.18181818181818182,0.18181818181818182,0.3978841309823677
0.19293446965334562,0.12403313564774666,0.1111111111111111,0.48082595870206485,0.30814487957345105,0.38575935105903564,0.2727272727272727,0.0,0.6042317380352644
0.20459518599562365,0.1648547430553613,0.0,0.47601641657047583,0.4028314028314028,0.3898152320865254,0.0,0.0,0.24020151133501258
0.15711735575262006,0.07173329230424931,0.0,0.49326664101577533,0.19966905681191394,0.7183415953132041,0.0,0.0,0.9044836272040302
0.3591212714499597,0.11759203569530312,0.0,0.47877388739258686,0.36201507630079055,0.29968454258675076,0.09090909090909091,0.18181818181818182,0.5519395465994962
0.18202234250834964,0.14012364673958655,0.0,0.5375144286263948,0.5243610957896672,0.3920684993240198,0.0,0.0,0.7965743073047858
0.05314983300702523,0.03846476627409293,0.0,0.6870591253046042,0.39786725501011216,0.25957638575935105,0.0,0.0,0.7017632241813602
0.13396867442128296,0.137822754357009,0.05555555555555555,0.590227010388611,0.3412391983820555,0.3339342045966652,0.0,0.09090909090909091,0.3699748110831234
0.10445698491304849,0.038737516434945586,0.0,0.393035782993459,0.04136789851075567,0.4740874267688148,0.0,0.0,0.03758186397984886
0.022342508349648738,0.0,0.0,0.5150698986789791,0.30777716492002205,0.3988283010365029,0.18181818181818182,0.0,0.4736523929471033
0.0,0.0,0.0,0.7075798383993843,0.320647177790035,0.2370437133844074,0.0,0.0,0.6113853904282116
0.0,0.0,0.0,0.622354751827626,0.17999632285346573,0.3740423614240649,0.0,0.0,0.4209571788413098
0.13192445007485892,0.08872597700506336,0.0,0.557073233294857,0.2057363485934915,0.2978819287967553,0.09090909090909091,0.0,0.3917380352644836
0.05824599792698376,0.0746268917671413,0.05555555555555555,0.55399512633064,0.1765030336458908,0.33303289770166744,0.0,0.0,0.39455919395465994
0.0,0.0,0.0,0.5806079261254329,0.1575657289943004,0.32401982875168994,0.0,0.0,0.290176322418136
0.07491650351261085,0.05751706436903796,0.1111111111111111,0.5325766320379633,0.16694245265673835,0.2866155926092835,0.09090909090909091,0.0,0.5229219143576826
0.036076240930553956,0.019232383137046467,0.0,0.6988585353341029,0.3154991726420298,0.09418657052726452,0.0,0.0,0.5431738035264483
0.0,0.0,0.0,0.5561113248685392,0.0737267880125023,0.1302388463271744,0.0,0.0,0.3395465994962216
0.0,0.0,0.0,0.5561113248685392,0.093583379297665,0.24560612888688596,0.0,0.0,0.25047858942065493
0.026574916503512614,0.019232383137046467,0.0,0.5151340259074003,0.15444015444015446,0.34655250112663366,0.0,0.0,0.26760705289672543
0.0,0.0,0.0,0.5008336539694754,0.02849788564074279,0.13294276701216762,0.0,0.0,0.25561712846347606
0.0,0.0,0.0,0.6757727331024753,0.20592020592020593,0.11221270842721948,0.0,0.0,0.5306801007556675
0.07491650351261085,0.05751706436903796,0.1111111111111111,0.6453122996024111,0.1974627688913403,0.0031545741324920913,0.09090909090909091,0.0,0.5478085642317381
0.05824599792698376,0.0746268917671413,0.05555555555555555,0.6453122996024111,0.1974627688913403,0.02658855340243353,0.0,0.0,0.5680604534005037
0.05824599792698376,0.0746268917671413,0.05555555555555555,0.6453122996024111,0.1974627688913403,0.02658855340243353,0.0,0.0,0.5529471032745592
0.0,0.0,0.0,0.6933435936898807,0.18955690384261814,0.1302388463271744,0.0,0.0,0.5469017632241813
0.13192445007485892,0.08872597700506336,0.0,0.6127997947928691,0.21217135502849788,0.08877872915727804,0.09090909090909091,0.0,0.41602015113350127
0.0,0.0,0.0,0.813005001923817,0.3246920389777533,0.09553853086976115,0.0,0.0,0.7442821158690176
0.0,0.0,0.0,0.7642683083237143,0.3046515903658761,0.13339342045966648,0.0,0.0,0.6597481108312342
0.14666589888287457,0.1331090720899656,0.05555555555555555,0.6707066820572015,0.4077955506526935,0.37088778729157285,0.2727272727272727,0.0,0.4935012594458438
0.09406311182770932,0.07877409293087531,0.0,0.62851096575606,0.38554881412024267,0.273997296079315,0.18181818181818182,0.09090909090909091,0.47345088161209065
0.0,0.0,0.0,0.6965499551109401,0.28865600294171717,0.199188823794502,0.0,0.0,0.5340050377833753
0.1369918231026143,0.10860876437183539,0.0,0.6142747210465564,0.24342710056995767,0.08382154123479045,0.18181818181818182,0.18181818181818182,0.6134005037783375
0.3640446850166993,0.2672392088846617,0.16666666666666666,0.40233423111453126,0.2995035852178709,0.33528616493916175,0.36363636363636365,0.0,0.3745088161209068
0.07491650351261085,0.05751706436903796,0.1111111111111111,0.5883673207643967,0.17926089354660785,0.08156827399729608,0.09090909090909091,0.0,0.5355163727959698
0.1498330070252217,0.11503412873807592,0.2222222222222222,0.6433243555213544,0.3232211803640375,0.106804867057233,0.18181818181818182,0.0,0.5298740554156172
0.07491650351261085,0.05751706436903796,0.1111111111111111,0.5497627292548416,0.16878102592388305,0.14240648940964398,0.09090909090909091,0.0,0.6031234256926952
0.07491650351261085,0.05751706436903796,0.1111111111111111,0.5497627292548416,0.16694245265673835,0.14240648940964398,0.09090909090909091,0.0,0.5106297229219143
0.3324599792698376,0.14770295409404985,0.2222222222222222,0.41580094908298065,0.2349696635410921,0.1185218566922037,0.45454545454545453,0.09090909090909091,0.39133501259445846
0.16563975584475413,0.19321901138557082,0.1111111111111111,0.6256252404771067,0.4168045596617025,0.4001802613789996,0.0,0.0,0.4446347607052897
0.11355522284924564,0.07981788681567684,0.0,0.6911632679235603,0.5738187166758596,0.3780982424515548,0.0,0.09090909090909091,0.8102770780856422
0.058476333064609004,0.049425476263742406,0.0,0.4260613056303707,0.1437764294907152,0.5759351059035602,0.09090909090909091,0.09090909090909091,0.48201511335012587
0.251295635149142,0.19352672951576358,0.05555555555555555,0.595677824804412,0.41257584114726975,0.20910319963947724,0.2727272727272727,0.09090909090909091,0.39294710327455923
0.136934239318208,0.11391690211766023,0.05555555555555555,0.48973964345260995,0.3491450634307777,0.44344299233889134,0.09090909090909091,0.0,0.3373299748110831
0.10739375791777035,0.11859037121996252,0.05555555555555555,0.5202642041810953,0.18955690384261814,0.26408292023433977,0.0,0.0,0.43727959697732993
0.2147875158355407,0.23718249083839205,0.1111111111111111,0.38450686161344105,0.15131457988600844,0.35781883731410546,0.0,0.18181818181818182,0.2661964735516372
0.13396867442128296,0.137822754357009,0.05555555555555555,0.5658586635885597,0.2706379849236992,0.3186119873817035,0.0,0.09090909090909091,0.3377329974811083
0.44823217781872626,0.48528897529862647,0.2222222222222222,0.32627933820700267,0.3737819452105166,0.572780531771068,0.18181818181818182,0.36363636363636365,0.30035264483627205
0.3359150063342163,0.3153516378996839,0.2222222222222222,0.28767474669744775,0.1877183305754734,0.6980621901757549,0.09090909090909091,0.09090909090909091,0.38146095717884126
0.14203040423816654,0.1500807760091756,0.1111111111111111,0.6691035013466717,0.37635594778451925,0.18611987381703468,0.09090909090909091,0.09090909090909091,0.40292191435768265
0.05824599792698376,0.0746268917671413,0.05555555555555555,0.4356162626651276,0.06140834712263285,0.3064443442992339,0.0,0.0,0.2475566750629723
0.06757457100080617,0.0800906369765295,0.05555555555555555,0.4081698089008593,0.10608567751424894,0.7751239296980621,0.09090909090909091,0.0,0.28584382871536523
0.16964182886099274,0.18771854980837552,0.1111111111111111,0.35327690137232265,0.23883066740209596,0.7458314556106354,0.0,0.0,0.034055415617128465
0.05824599792698376,0.0746268917671413,0.05555555555555555,0.6453122996024111,0.1974627688913403,0.02658855340243353,0.0,0.0,0.6033249370277078
0.05824599792698376,0.0746268917671413,0.05555555555555555,0.6258817493907913,0.1888214745357603,0.05768364127985577,0.0,0.0,0.5379345088161209
0.16166647472071866,0.06298080957842615,0.1111111111111111,0.6129280492497114,0.3671630814487957,0.1892744479495268,0.18181818181818182,0.0,0.3434760705289673
0.3047909708626051,0.0348106134780541,0.0,0.4533153777093754,0.20518477661334805,0.10229833258224424,0.18181818181818182,0.0,0.5843828715365239
0.13192445007485892,0.08872597700506336,0.0,0.5742593305117353,0.20040448611877182,0.15141955835962145,0.09090909090909091,0.0,0.3544584382871537
0.0,0.0,0.0,0.7186097216878287,0.3417907703621989,0.1888237945020279,0.0,0.0,0.6096725440806046
0.06927329264079235,0.06255070355554312,0.1111111111111111,0.6266512761318456,0.3377459091744806,0.25597115817936006,0.18181818181818182,0.0,0.4563224181360201
0.026574916503512614,0.019232383137046467,0.0,0.623380787482365,0.3175216032358889,0.2672374943668319,0.0,0.0,0.38599496221662466
0.0,0.0,0.0,0.7445812491984097,0.3881228166942453,0.2032447048219919,0.0,0.0,0.6143073047858942
0.03783254635494645,0.01662202422580916,0.0,0.5967038604591509,0.2967457253171539,0.24605678233438485,0.0,0.0,0.4909823677581864
0.0,0.0,0.0,0.5579710144927537,0.14708586137157567,0.2866155926092835,0.0,0.0,0.23758186397984887
