CIC0,SM1_Dz,GATS1i,NdsCH,NdssC,MLOGP,response
0.28940863281992774,0.26715799170888993,0.18502377179080823,0.0,0.0,0.45026066602830095,0.32032639397426516
0.2772390188248716,0.29387379087977894,0.17234548335974642,0.0,0.0,0.45026066602830095,0.36384559054294385
0.4487545160676935,0.15246430216490098,0.4263074484944533,0.25,0.0,0.49909564847324184,0.3616487080238519
0.2713443620460163,0.3809304467987103,0.1838351822503962,0.0,0.0,0.5075007979572295,0.558322000209227
0.48583380870887993,0.15246430216490098,0.7056259904912837,0.0,0.0,0.381955527183743,0.18474735851030444
0.4776573493059516,0.0,0.2642630744849445,0.0,0.0,0.6198531758697735,0.4073647871116226
0.4436204601635292,0.0,0.21473851030110933,0.25,0.0,0.6101712948185977,0.36196254838372216
0.37136337706788364,0.2298479963150622,0.2353407290015848,0.0,0.0,0.6198531758697735,0.454963908358615
0.41205552386385236,0.06172270842929527,0.2194928684627575,0.0,0.0,0.4761144802638579,0.31049272936499633
0.330481080053242,0.06172270842929527,0.1770998415213946,0.0,0.0,0.4950526651771465,0.33026467203682397
0.39189960068454077,0.10271764163979734,0.22068145800316954,0.0,0.0,0.4761144802638579,0.24249398472643585
0.35082715345122645,0.10271764163979734,0.21117274167987324,0.25,0.0,0.4950526651771465,0.4044356104195
0.41205552386385236,0.06172270842929527,0.33320126782884313,0.0,0.0,0.5046281519310566,0.3114342504446072
0.40920327058376116,0.15246430216490098,0.34667194928684625,0.0,0.16666666666666666,0.4112139589318013,0.28067789517731984
0.27742916904354437,0.11561492399815754,0.2844690966719493,0.0,0.0,0.3220555378231727,0.2201067057223559
0.41205552386385236,0.06172270842929527,0.36687797147385104,0.0,0.0,0.43440791573571663,0.24688774976461975
0.4462825632249476,0.2579456471672041,0.5487321711568938,0.0,0.0,0.2946058091286307,0.08839836803012868
0.4481840654116752,0.20819898664210043,0.9120443740095088,0.0,0.0,0.42461964038727523,0.04153154095616697
0.4504658680357482,0.18654997696913866,0.3205229793977813,0.25,0.0,0.49909564847324184,0.38497750810754267
0.387906446092413,0.4477199447259328,0.5915213946117274,0.0,0.5,0.18246621981061814,0.3057851239669422
0.4394371553527286,0.5739290649470291,0.28011093502377177,0.0,0.16666666666666666,0.7311416108096607,0.6781044042263836
0.46472713443620456,0.3371718102257025,0.20879556259904913,0.0,0.0,0.739653154590914,0.5847892038916205
0.5035177790454458,0.10271764163979734,0.22345483359746432,0.0,0.0,0.6680497925311204,0.47871116225546606
0.3884768967484313,0.4283740211883925,0.1299524564183835,0.0,0.0,0.5755931482072562,0.5005753739930956
0.5056094314508461,0.29801934592353757,0.23375594294770205,0.0,0.16666666666666666,0.6379402064049368,0.4213829898524951
0.5067503327628826,0.06172270842929527,0.35578446909667194,0.0,0.0,0.5738908394510055,0.353907312480385
0.6139950560943145,0.06172270842929527,0.6291600633914421,0.0,0.0,0.5825087775295245,0.3553719008264463
0.4730937440578056,0.29387379087977894,0.6862123613312203,0.0,0.0,0.2071496967762528,0.10973951250130769
0.34455219623502564,0.4085674804237679,0.22107765451664022,0.0,0.0,0.49281838493456753,0.4397949576315514
0.07758128921848258,0.5347766006448642,0.1858161648177496,0.0,0.16666666666666666,0.30939461644855837,0.5579035463960665
0.5662673512074538,0.10271764163979734,0.30071315372424723,0.0,0.0,0.6086817746568784,0.349408933988911
0.4586423274386765,0.19760479041916168,0.688985736925515,0.0,0.0,0.2514097244387701,0.13128988387906687
0.5067503327628826,0.06172270842929527,0.4449286846275752,0.0,0.0,0.5453771677838067,0.366251699968616
0.3915193002471953,0.22846614463380932,0.3102218700475436,0.0,0.16666666666666666,0.4196191084157889,0.23182341249084637
0.5447803764974329,0.06172270842929527,0.28288431061806657,0.0,0.0,0.6061283115225025,0.4301705199288629
0.674843126069595,0.10271764163979734,0.3375594294770206,0.0,0.0,0.8482817320991597,0.6112564075740141
0.5586613424605438,0.0,0.29873217115689377,0.0,0.0,0.6858176401744867,0.49963385291348467
0.42802814223236363,0.10271764163979734,0.2171156893819334,0.75,0.0,0.5266517714650495,0.4746312375771525
0.6020155923179312,0.18654997696913866,0.4461172741679873,0.0,0.16666666666666666,0.67837003936589,0.21330683125849986
0.5708309564555999,0.10271764163979734,0.47662440570522974,0.0,0.0,0.5487817852963082,0.37786379328381636
0.4101540216771249,0.10271764163979734,0.2393026941362916,0.25,0.0,0.5304819661666135,0.36687938068835657
0.2977752424415288,0.2947950253339475,0.2076069730586371,0.25,0.0,0.5589956378338121,0.49712313003452246
0.46320593268682253,0.06172270842929527,0.37559429477020606,0.0,0.0,0.46994361102244925,0.3264985877183806
0.712302719148127,0.2579456471672041,0.3066561014263074,0.25,0.3333333333333333,0.722417278433876,0.8207971545140705
0.5655067503327629,0.15246430216490098,0.6089540412044374,0.0,0.16666666666666666,0.47334822853495057,0.2737734072601737
0.45750142612663997,0.319207738369415,0.5764659270998416,0.0,0.3333333333333333,0.39057346526226194,0.414583115388639
0.44590226278760214,0.10271764163979734,0.24841521394611724,0.0,0.0,0.5401638472177892,0.39794957631551425
0.5991633390378398,0.319207738369415,0.48771790808240884,0.5,0.3333333333333333,0.5427173103521652,0.5721309760435193
0.6662863662293212,0.319207738369415,0.5079239302694136,0.0,0.3333333333333333,0.6099585062240666,0.5019353488858668
0.5831907206693288,0.10271764163979734,0.4175911251980982,0.5,0.16666666666666666,0.5879348866900734,0.3961711476095826
0.5831907206693288,0.10271764163979734,0.3874801901743265,0.5,0.3333333333333333,0.5879348866900734,0.4742127837639921
0.27742916904354437,0.45002303086135426,0.14857369255150554,0.0,0.0,0.7106075114373871,0.5472329741604771
0.29454268872409206,0.312759097190235,0.14580031695721077,0.0,0.0,0.5511224598361528,0.36677476723506647
0.4776573493059516,0.0,0.2642630744849445,0.0,0.0,0.6198531758697735,0.42242912438539604
0.37136337706788364,0.2298479963150622,0.2353407290015848,0.0,0.0,0.648366847536972,0.4474317397217283
0.39189960068454077,0.10271764163979734,0.22068145800316954,0.0,0.0,0.5046281519310566,0.3872790040799247
0.27742916904354437,0.3823122984799632,0.19928684627575277,0.0,0.0,0.6768805192041707,0.4706559263521289
0.29454268872409206,0.2680792261630585,0.17551505546751187,0.0,0.0,0.5331418235982551,0.37315618788576216
0.2698231602966343,0.2947950253339475,0.1751188589540412,0.0,0.0,0.5331418235982551,0.4609268751961502
0.41205552386385236,0.06172270842929527,0.2194928684627575,0.0,0.0,0.5046281519310566,0.2901977194267183
0.27742916904354437,0.18654997696913866,0.20641838351822506,1.0,0.3333333333333333,0.35056920949037135,0.6618893189664191
0.4588324776573493,0.18654997696913866,0.48058637083993666,0.25,0.16666666666666666,0.4790935205872966,0.49513547442201067
0.18425556189389614,0.2947950253339475,0.5146592709984151,0.0,0.0,0.35025002659857435,0.3983680301286746
0.29511313938011025,0.27821280515891295,0.4520602218700475,0.0,0.0,0.5223959995744228,0.3357045716079088
0.1762692527096406,0.10271764163979734,0.3712361331220285,0.5,0.0,0.316842217257155,0.6532064023433414
0.21886290169233694,0.2298479963150622,0.42472266244057055,0.25,0.0,0.4847324183423769,0.36541479234229524
0.15839513215440196,0.3823122984799632,0.5923137876386688,0.0,0.0,0.5001595914458985,0.29992677058269696
0.16067693477847497,0.2947950253339475,0.5736925515055468,0.0,0.0,0.34375997446536866,0.3295323778637933
0.3599543639475185,0.06172270842929527,0.5396196513470681,0.0,0.0,0.34375997446536866,0.23328800083690765
0.21886290169233694,0.06172270842929527,0.4156101426307448,0.0,0.0,0.328332801361847,0.15754786065488022
0.131583951321544,0.06172270842929527,0.29080824088748014,0.25,0.0,0.316842217257155,0.3574641698922482
0.0,0.2680792261630585,0.38232963549920757,0.0,0.0,0.328332801361847,0.4911601631969872
0.31679026430880397,0.11561492399815754,0.6141045958795562,0.0,0.0,0.19480795829343547,0.2639397426509049
0.2584141471762692,0.10271764163979734,0.4092709984152139,0.25,0.0,0.328332801361847,0.5446176378282248
0.1762692527096406,0.10271764163979734,0.266244057052298,0.0,0.0,0.328332801361847,0.47191128779161007
0.05666476516447992,0.2947950253339475,0.5146592709984151,0.25,0.0,0.328332801361847,0.45161627785333197
0.24415288077581287,0.18654997696913866,0.5871632329635498,0.0,0.0,0.19480795829343547,0.0
0.06332002281802623,0.18654997696913866,0.4374009508716324,0.5,0.0,0.16789020108522182,0.24354011925933675
0.16067693477847497,0.15246430216490098,0.48771790808240884,0.25,0.0,0.26577295456963507,0.2968929804372843
0.48526335805286164,0.18654997696913866,0.4790015847860539,0.0,0.0,0.381955527183743,0.1082749241552464
0.5843316219813653,0.06172270842929527,0.46949286846275756,0.0,0.0,0.5487817852963082,0.38372214666806154
0.5708309564555999,0.2238599723629664,0.3874801901743265,0.0,0.0,0.656984785615491,0.3816298776022597
0.5520060848069974,0.6328880700138186,0.7381141045958796,0.0,0.0,0.5249494627087988,0.6308191233392615
1.0,0.06172270842929527,0.5051505546751188,0.0,0.0,0.966804979253112,0.478606548802176
0.5961209355390757,0.18654997696913866,0.44809825673534065,0.25,0.0,0.5056920949037133,0.3815252641489696
0.40597071686632435,0.10271764163979734,0.4770206022187005,0.0,0.16666666666666666,0.4200446856048516,0.1871534679359766
0.29948659440958353,0.5048364808843852,0.5986529318541998,0.0,0.16666666666666666,0.0983083306734759,0.3497227743487813
0.2420612283704126,0.34500230308613544,0.2654516640253566,0.0,0.0,0.4655814448345569,0.3072497123130035
0.27742916904354437,0.18654997696913866,0.5126782884310618,0.25,0.16666666666666666,0.35780402170443665,0.36823935558112775
0.4588324776573493,0.10271764163979734,0.47028526148969885,0.0,0.16666666666666666,0.4602617299712735,0.23203263939742652
0.4962920707358814,0.10271764163979734,0.5835974643423137,0.0,0.0,0.4756889030747952,0.21257453708546922
0.4776573493059516,0.0,0.2642630744849445,0.0,0.0,0.6198531758697735,0.39428810545036097
0.39189960068454077,0.10271764163979734,0.22068145800316954,0.0,0.0,0.5046281519310566,0.3386337483000314
0.37136337706788364,0.2298479963150622,0.2353407290015848,0.0,0.0,0.648366847536972,0.3961711476095826
0.29454268872409206,0.2680792261630585,0.17551505546751187,0.0,0.0,0.5331418235982551,0.4107124176169056
0.41205552386385236,0.06172270842929527,0.2194928684627575,0.0,0.0,0.5046281519310566,0.3574641698922482
0.32173416999429544,0.18654997696913866,0.1656101426307448,0.0,0.0,0.40185126077242267,0.34114447117899366
0.36090511504088224,0.319207738369415,0.6303486529318543,0.0,0.3333333333333333,0.31290562825832535,0.4161523171879904
0.26963301007796153,0.4970059880239521,0.19770206022187004,0.0,0.0,0.7391211831045855,0.49032325557066647
0.302909298345693,0.27821280515891295,0.17432646592709983,0.0,0.0,0.6308117884881371,0.43320431007427557
0.4265069404829816,0.0,0.2393026941362916,0.0,0.0,0.5843174805830408,0.35505806046657606
0.35082715345122645,0.06172270842929527,0.3553882725832012,0.0,0.0,0.3968507288009363,0.24176169055340518
0.302909298345693,0.2298479963150622,0.20245641838351822,0.0,0.0,0.6128311522502394,0.37577152421801446
0.4588324776573493,0.10271764163979734,0.3918383518225039,0.0,0.0,0.4339823385466539,0.2110053352861178
0.4181403308613804,0.10271764163979734,0.3712361331220285,0.0,0.16666666666666666,0.4185551654431323,0.23192802594413645
0.32686822589845976,0.10271764163979734,0.18264659270998412,0.0,0.0,0.4670709649962762,0.36196254838372216
0.35082715345122645,0.06172270842929527,0.3553882725832012,0.0,0.0,0.3968507288009363,0.2885239041740768
0.5404069214679595,0.3933671119299862,0.42868462757527726,0.0,0.0,0.5460155335674008,0.29072078669316875
0.4398174557900741,0.11561492399815754,0.738906497622821,0.0,0.0,0.30013831258644535,0.16591693691808768
0.35082715345122645,0.06172270842929527,0.3553882725832012,0.0,0.0,0.3968507288009363,0.2053562088084528
0.4398174557900741,0.11561492399815754,0.6192551505546752,0.0,0.0,0.30013831258644535,0.1671722983575688
0.5314698611903403,0.18654997696913866,0.5233755942947703,0.0,0.16666666666666666,0.5260134056814555,0.4230568051051366
0.39703365658870504,0.18654997696913866,0.4607765451664025,0.0,0.16666666666666666,0.4128098733907863,0.32116330160058587
0.39703365658870504,0.18654997696913866,0.5736925515055468,0.0,0.16666666666666666,0.4128098733907863,0.3324615545559159
0.2580338467389237,0.45002303086135426,0.3692551505546751,0.0,0.0,0.5838919033939781,0.5229626529971755
0.3692717246624833,0.27821280515891295,0.4488906497622821,0.0,0.0,0.5642089583998298,0.3681347421278377
0.42042213348545354,0.06172270842929527,0.5103011093502376,0.0,0.0,0.39195659112671566,0.2492938591902919
0.2460543829625404,0.06172270842929527,0.32448494453248816,0.25,0.0,0.36514522821576767,0.2629982215712941
0.3799201369081574,0.11561492399815754,0.5412044374009509,0.0,0.0,0.2500265985743164,0.1822366356313422
0.11104772770488683,0.11561492399815754,0.2892234548335974,0.0,0.0,0.22321523566336846,0.5250549220629773
0.32515687393040493,0.15246430216490098,0.6794770206022188,0.0,0.0,0.2500265985743164,0.22000209226906584
0.3230652215250047,0.18654997696913866,0.875594294770206,0.0,0.0,0.29322268326417705,0.10293963803745161
0.42042213348545354,0.06172270842929527,0.6759112519809826,0.0,0.0,0.39195659112671566,0.19656867873208497
0.2460543829625404,0.06172270842929527,0.3462757527733756,0.0,0.0,0.32343866368762636,0.2565121874673083
0.3413196425175889,0.10271764163979734,0.5043581616481776,0.0,0.0,0.35025002659857435,0.153886389789727
0.21125689294542688,0.10271764163979734,0.31973058637083995,0.0,0.0,0.32343866368762636,0.3133172926038289
0.5594219433352349,0.3735605711653616,0.3141838351822504,0.0,0.0,0.656984785615491,0.5295533005544514
0.5037079292641187,0.10271764163979734,0.46553090332805064,0.0,0.16666666666666666,0.4978189169060539,0.293231509572131
0.2534702414907777,0.319207738369415,0.2900158478605388,0.5,0.3333333333333333,0.2589637195446324,0.45119782404017156
0.6662863662293212,0.319207738369415,0.5079239302694136,0.0,0.3333333333333333,0.6099585062240666,0.5150120305471284
0.5037079292641187,0.10271764163979734,0.46553090332805064,0.0,0.16666666666666666,0.4978189169060539,0.3020190396484988
0.5274767065982126,0.0,0.5035657686212361,0.0,0.0,0.6809235025002661,0.46919133800606766
0.33504468530138803,0.3823122984799632,0.5150554675118858,0.0,0.0,0.5838919033939781,0.34919970708233083
0.4708119414337326,0.06172270842929527,0.49326465927099844,0.0,0.0,0.4354718587083733,0.27607490323255574
0.40597071686632435,0.10271764163979734,0.4770206022187005,0.25,0.0,0.4200446856048516,0.3946019458102312
0.27742916904354437,0.18654997696913866,0.28961965134706813,0.0,0.0,0.2827960421321417,0.3298462182236636
0.3882867465297585,0.15246430216490098,0.6640253565768621,0.0,0.0,0.29822321523566336,0.18066743383199083
0.38676554478037645,0.18654997696913866,0.6366877971473852,0.0,0.0,0.29822321523566336,0.0502144575792447
0.4915383152690625,0.0,0.4045166402535657,0.0,0.0,0.6392169379721248,0.3395752693796423
0.27457691576345317,0.06172270842929527,0.33954041204437396,0.0,0.0,0.3566336844345143,0.29929908986295645
0.26963301007796153,0.2579456471672041,0.8141838351822505,0.0,0.0,0.24896265560165975,0.11789936185793494
0.5122646891043924,0.10271764163979734,0.4124405705229794,0.25,0.3333333333333333,0.5218640280880945,0.3258709069986401
0.5424985738733599,0.10271764163979734,0.46196513470681455,0.0,0.16666666666666666,0.5333546121927865,0.35495344701328596
0.4462825632249476,0.2579456471672041,0.6303486529318543,0.0,0.16666666666666666,0.36408128524311095,0.36018411967779057
0.4780376497432972,0.27821280515891295,0.445324881141046,0.0,0.0,0.6394297265666561,0.48404644837326083
0.5137858908537745,0.06172270842929527,0.48256735340729,0.0,0.0,0.4756889030747952,0.33465843707500786
0.4962920707358814,0.10271764163979734,0.490095087163233,0.0,0.0,0.4756889030747952,0.30620357778010254
0.3498764023578627,0.18654997696913866,0.4374009508716324,0.5,0.0,0.31492711990637307,0.4062140391254316
0.4962920707358814,0.2238599723629664,0.4041204437400951,0.0,0.0,0.5838919033939781,0.5666910764724343
0.3808708880015212,0.22846614463380932,0.6541204437400951,0.0,0.0,0.20927758272156613,0.1871534679359766
0.3873359954363947,0.2579456471672041,0.6216323296354992,0.0,0.0,0.20927758272156613,0.010147504969139033
0.4962920707358814,0.2238599723629664,0.37519809825673534,0.0,0.0,0.5838919033939781,0.385291348467413
0.5512454839323065,0.06172270842929527,0.475039619651347,0.0,0.0,0.5132460900095756,0.38351291976148133
0.36641947138239206,0.11561492399815754,0.35301109350237714,0.0,0.0,0.355144164272795,0.17742441677999793
0.5358433162198135,0.10271764163979734,0.48256735340729,0.0,0.0,0.5132460900095756,0.36133486766398165
0.5037079292641187,0.10271764163979734,0.46553090332805064,0.25,0.0,0.4978189169060539,0.4107124176169056
0.556949990492489,0.27821280515891295,0.44334389857369244,0.0,0.0,0.8040217044366423,0.5554974369703944
0.5843316219813653,0.06172270842929527,0.46949286846275756,0.0,0.0,0.6458133844025961,0.4543362276388744
0.5708309564555999,0.10271764163979734,0.47662440570522974,0.0,0.0,0.6458133844025961,0.41123548488335604
0.4814603536794067,0.2579456471672041,0.6485736925515055,0.0,0.0,0.2931162889669114,0.10116120933152004
0.361855866134246,0.4735145094426532,0.6897781299524565,0.0,0.0,0.46281519310564956,0.3054712836070719
0.5655067503327629,0.18654997696913866,0.4496830427892234,0.0,0.16666666666666666,0.6567719970209598,0.32733549534470135
0.6347214299296444,0.10271764163979734,0.455229793977813,0.0,0.16666666666666666,0.7274178104053624,0.5232764933570457
0.6139950560943145,0.06172270842929527,0.46553090332805064,0.0,0.0,0.6795403766358125,0.49890155874045405
0.48184065411675214,0.319207738369415,0.6370839936608558,0.0,0.0,0.2071496967762528,0.028977926561355796
0.6299676744628255,0.10271764163979734,0.46830427892234544,0.0,0.0,0.7117778487073093,0.4985877183805838
0.6554478037649742,0.10271764163979734,0.46553090332805064,0.0,0.0,0.742844983508884,0.540433099696621
0.6788362806617227,0.10271764163979734,0.4631537242472266,0.0,0.0,0.7727417810405363,0.5455591589078356
0.753565316600114,0.18654997696913866,0.42076069730586363,0.5,0.16666666666666666,0.9004149377593361,0.32283711685322736
0.34017874120555236,0.15246430216490098,0.34191759112519804,0.0,0.16666666666666666,0.359612724757953,0.2934407364787112
0.3553907586993725,0.3519115614923998,0.30467511885895404,0.0,0.16666666666666666,0.5854878178529631,0.4328904697144053
0.5312797109716675,0.10271764163979734,0.35063391442155306,0.0,0.0,0.6061283115225025,0.4564284967046763
0.37535653166001137,0.22846614463380932,0.26980982567353406,0.0,0.16666666666666666,0.4873922757740185,0.3644732712626844
0.5158775432591747,0.29387379087977894,0.43977812995245635,0.0,0.16666666666666666,0.4738802000212789,0.4526624123862329
0.3569119604487545,0.10271764163979734,0.3363708399366086,0.0,0.0,0.4200446856048516,0.14175122920807617
0.11637193382772387,0.5343159834177799,0.5221870047543582,0.0,0.0,0.4354718587083733,0.30160058583533844
0.3622361665715915,0.8447719944725934,0.37797147385103014,0.0,0.3333333333333333,0.6382593892967338,0.8806360497960037
0.48583380870887993,0.6913864578535237,0.18858954041204437,0.0,0.0,0.8546653899350996,0.6075949367088608
0.5820498193572922,0.44035006909258406,0.3066561014263074,0.0,0.0,0.8163634429194596,0.5775708756146041
0.5116942384483741,0.620912022109627,0.3692551505546751,0.0,0.0,0.5079263751462922,0.39742650904906374
0.43601445141661915,0.40534315983417785,0.4492868462757527,0.25,0.16666666666666666,0.39057346526226194,0.5430484360288733
0.7877923559612092,0.319207738369415,0.40570522979397783,0.0,0.3333333333333333,0.8841366102776893,0.2610105659587823
0.5027571781707549,0.2579456471672041,0.21038034865293187,0.0,0.16666666666666666,0.6750718161506544,0.5463960665341563
0.4479939151930024,0.2579456471672041,0.30586370839936605,0.0,0.16666666666666666,0.5509096712416215,0.40495867768595045
0.3647081194143373,0.7305389221556887,0.20641838351822506,0.0,0.0,0.8608362591765082,0.661784705513129
0.23920897509032135,0.6070935052970982,0.07884310618066559,0.0,0.0,0.7073092882221513,0.4866617847055132
0.33979844076820687,0.49516351911561496,0.21988906497622818,0.0,0.0,0.5578253005638899,0.5133382152944869
0.35006655257653546,0.26715799170888993,0.21592709984152136,0.0,0.0,0.4878178529630812,0.38842975206611574
0.2956835900361285,0.3274988484569323,0.17947702060221868,0.0,0.0,0.39493563145015426,0.3753530704048541
0.5175888952272294,0.10271764163979734,0.17947702060221868,0.0,0.16666666666666666,0.6884774976061284,0.42420755309132757
0.259364898269633,0.41040994933210506,0.16877971473851028,0.0,0.0,0.6213426960314927,0.45684695051783664
0.2468149838372314,0.6485490557346845,0.12400950871632327,0.0,0.0,0.5979359506330462,0.5478606548802176
0.5103631869176649,0.22846614463380932,0.4239302694136291,0.0,0.0,0.4235556974146186,0.2446908672455278
0.5295683590036129,0.15246430216490098,0.427892234548336,0.25,0.0,0.5624002553463134,0.39930955120828543
0.6885339418140332,0.3984339014279134,0.3688589540412044,0.0,0.0,0.7638046600702203,0.5846845904383304
0.32173416999429544,0.18654997696913866,0.1656101426307448,0.0,0.0,0.40185126077242267,0.44293336123025423
0.26963301007796153,0.4970059880239521,0.19770206022187004,0.0,0.0,0.7391211831045855,0.4955539282351711
0.24624453318121312,0.4302164900967297,0.16759112519809824,0.0,0.0,0.5971911905521864,0.4438748823098651
0.4514166191291119,0.43620451404882543,0.3573692551505547,0.0,0.16666666666666666,0.5170762847111394,0.6856365728632703
0.32515687393040493,0.3809304467987103,0.21473851030110933,0.0,0.0,0.5450579848920097,0.3876974578930851
0.4479939151930024,0.2579456471672041,0.30586370839936605,0.25,0.0,0.4386636876263433,0.33737838686055033
0.40121696139950563,0.2579456471672041,0.28961965134706813,0.25,0.0,0.404936695393127,0.3206402343341354
0.2949229891614375,0.42514970059880247,0.26862123613312205,0.0,0.0,0.33780189381849135,0.3330892352756565
0.46320593268682253,0.06172270842929527,0.44572107765451663,0.0,0.0,0.5401638472177892,0.33622763887435925
0.21962350256702795,0.3818516812528789,0.17353407290015846,0.0,0.0,0.5737844451537398,0.40590019876556127
0.530899410534322,0.6771073238139107,0.43066561014263083,0.0,0.3333333333333333,0.3590807532716247,0.46375143843498273
0.33751663814413385,0.5578074619990788,0.7361331220285262,0.0,0.0,0.45589956378338126,0.4448164033894759
0.24301197946377637,0.4094887148779365,0.17393026941362913,0.0,0.0,0.5163315246302799,0.40527251804582076
0.5035177790454458,0.10271764163979734,0.27892234548335976,0.25,0.0,0.5965528247685924,0.44952400878753007
0.4185206312987259,0.5923537540304008,0.35578446909667194,0.0,0.0,0.5110118097669966,0.4975415838476829
0.4381061038220194,0.39567019806540765,0.6996830427892234,0.0,0.0,0.5486753909990425,0.46511141332775396
0.5154972428218293,0.06172270842929527,0.23454833597464342,0.0,0.0,0.6680497925311204,0.48090804477455806
0.4362046016352918,0.18654997696913866,0.3141838351822504,0.0,0.0,0.4464304713267369,0.26686891934302753
0.5424985738733599,0.10271764163979734,0.46196513470681455,0.25,0.0,0.5333546121927865,0.374097708965373
0.44590226278760214,0.10271764163979734,0.24841521394611724,0.0,0.0,0.5401638472177892,0.4202322418663041
0.40140711161817827,0.18654997696913866,0.3066561014263074,0.25,0.0,0.46536865624002555,0.30097290511559793
0.4588324776573493,0.10271764163979734,0.47028526148969885,0.25,0.0,0.4602617299712735,0.3843498273878021
0.4970526716105723,0.319207738369415,0.5594294770206022,0.0,0.3333333333333333,0.4261091605489946,0.31823412490846326
0.32173416999429544,0.18654997696913866,0.1656101426307448,0.0,0.0,0.40185126077242267,0.6639815880322211
0.2584141471762692,0.10271764163979734,0.5035657686212361,0.25,0.0,0.328332801361847,0.27168113819437184
0.3498764023578627,0.18654997696913866,0.4374009508716324,0.0,0.3333333333333333,0.31492711990637307,0.29270844230568055
0.5314698611903403,0.18654997696913866,0.5233755942947703,0.0,0.16666666666666666,0.5260134056814555,0.4346688984203369
0.3413196425175889,0.10271764163979734,0.48692551505546755,0.25,0.0,0.37652941802319395,0.3767130452976253
0.4485643658490207,0.18654997696913866,0.5511093502377179,0.0,0.16666666666666666,0.45292052345994255,0.39303274401087984
0.33504468530138803,0.18654997696913866,0.6172741679873216,0.0,0.0,0.2565166507075221,0.09185061198870176
0.41243582430119785,0.319207738369415,0.40966719492868453,0.0,0.3333333333333333,0.35301627832748167,0.326917041531541
0.6879634911580148,0.06172270842929527,0.457606973058637,0.0,0.0,0.7727417810405363,0.6488126373051575
0.35501045826202693,0.4016582220175035,0.48454833597464336,0.0,0.0,0.18065751675710184,0.2802594413641595
0.6484122456740825,0.44035006909258406,0.599445324881141,0.0,0.0,0.6509203106713481,0.4597761272099593
0.4696710401216961,0.18654997696913866,0.3629160063391442,0.0,0.3333333333333333,0.38653048196616663,0.1080656972486662
0.2599353489256512,0.2947950253339475,0.527337559429477,0.0,0.0,0.39195659112671566,0.26498587718380584
0.2599353489256512,0.15246430216490098,0.46117274167987327,0.0,0.16666666666666666,0.32099159485051604,0.2159221675907522
0.19015021867275145,0.5886688162137265,0.4374009508716324,0.0,0.3333333333333333,0.5684647302904565,0.4082016947379433
0.30728275337516636,0.49286043298019355,0.3276545166402536,0.0,0.0,0.4251516118736036,0.44199184015064336
0.47480509602586035,0.10271764163979734,0.20324881141045958,0.0,0.0,0.5680391531013939,0.32001255361439485
0.44932496672371164,0.8387839705204975,0.24999999999999994,0.0,0.3333333333333333,0.8887115650601128,0.7159744743173974
0.259364898269633,0.4016582220175035,0.42749603803486536,0.0,0.16666666666666666,0.328332801361847,0.6664923109111833
0.674843126069595,0.10271764163979734,0.3375594294770206,0.0,0.0,0.7512501329928717,0.5991212469923632
0.27609811751283514,0.42514970059880247,0.3102218700475436,0.0,0.16666666666666666,0.4113203532290669,0.10429961293022283
0.6174177600304239,0.2579456471672041,0.4916798732171157,0.0,0.16666666666666666,0.6311309713799341,0.40516790459253066
0.5466818786841604,0.6356517733763243,0.3438985736925515,0.0,0.0,0.5165443132248112,0.6518464274505702
0.46301578246814973,0.319207738369415,0.36450079239302696,0.0,0.3333333333333333,0.5201617193318437,0.3554765142797364
0.5183494961019205,0.5951174573929066,0.6838351822503962,0.0,0.5,0.47654005745292055,0.35819646406527883
0.4799391519300247,0.10271764163979734,0.1786846275752773,0.0,0.0,0.6110224491967231,0.5140705094675175
0.3749762312226658,0.6734223859972364,0.17194928684627572,0.0,0.0,0.8607298648792425,0.6205670049168324
0.3428408442669709,0.661906955320129,0.3763866877971474,0.5,0.3333333333333333,0.5005851686349613,0.6588555288210064
0.28465487735310896,0.661906955320129,0.3292393026941363,0.0,0.3333333333333333,0.5805936801787425,0.643791191547233
0.49058756417569876,0.29387379087977894,0.19532488114104596,0.0,0.16666666666666666,0.6177252899244601,0.48404644837326083
0.6822589845978323,0.7807461999078766,0.2737717908082409,0.0,0.0,0.5509096712416215,0.4626006904487917
0.5632249477086898,0.15246430216490098,0.42868462757527726,0.0,0.16666666666666666,0.6069794659006278,0.3334030756355268
0.4588324776573493,0.3809304467987103,0.2706022187004754,0.5,0.0,0.42972656665602726,0.5675279840987552
0.44590226278760214,0.10271764163979734,0.14421553090332803,0.0,0.0,0.5874029152037451,0.47776964117585524
0.32458642327438675,0.5343159834177799,0.23098256735340728,0.0,0.16666666666666666,0.7130545802744973,0.5225441991840151
0.41604867845598015,0.6130815292491939,0.36806656101426305,0.0,0.3333333333333333,0.355144164272795,0.7314572654043311
0.2580338467389237,0.18654997696913866,0.4790015847860539,0.0,0.16666666666666666,0.32099159485051604,0.13118527042577677
0.5841414717626925,0.0,0.33835182250396195,0.25,0.3333333333333333,0.654431322481115,0.21926979809603517
0.5246244533181214,0.319207738369415,0.4326465927099842,0.0,0.16666666666666666,0.4445153739759549,0.31091118317815675
0.42042213348545354,0.06172270842929527,0.5103011093502376,0.0,0.0,0.39195659112671566,0.24814311120410085
0.7830386004943906,0.581759557807462,0.4259112519809826,0.25,0.6666666666666666,0.5993190764974998,1.0
0.49800342270393605,0.16444035006909258,0.676703645007924,0.0,0.0,0.2514097244387701,0.17972591275237998
0.3498764023578627,0.18654997696913866,0.4976228209191758,0.25,0.16666666666666666,0.4013192892860943,0.47599121246992365
0.41642897889332575,0.4481805619530171,0.5713153724247227,0.0,0.3333333333333333,0.4261091605489946,0.5500575373993096
0.6193192622171515,0.319207738369415,0.5194136291600634,0.0,0.3333333333333333,0.5530375571869349,0.4874986923318339
0.5579007415858528,0.10271764163979734,0.37797147385103014,0.75,0.3333333333333333,0.5776146398553038,0.44638560518882736
0.5641756988020535,0.319207738369415,0.5352614896988906,0.0,0.3333333333333333,0.4921800191509735,0.4182445862537923
0.24738543449324965,0.15246430216490098,0.5923137876386688,0.0,0.0,0.19480795829343547,0.14823726331206194
0.33504468530138803,0.18654997696913866,0.6065768621236134,0.0,0.16666666666666666,0.369188211511863,0.2646720368239356
0.44913481650503895,0.15246430216490098,0.5748811410459588,0.0,0.0,0.34024896265560167,0.25326917041531544
0.5586613424605438,0.0,0.29873217115689377,0.0,0.0,0.6858176401744867,0.466262161313945
0.2580338467389237,0.3823122984799632,0.5408082408874801,0.0,0.0,0.5436748590275561,0.30902814101893505
0.4485643658490207,0.18654997696913866,0.4564183835182251,0.0,0.16666666666666666,0.45292052345994255,0.2915576943194895
0.5314698611903403,0.18654997696913866,0.5233755942947703,0.0,0.16666666666666666,0.5260134056814555,0.47117899361857946
0.5708309564555999,0.10271764163979734,0.5475435816164819,0.0,0.0,0.5487817852963082,0.37148237263312067
0.42460543829625397,0.5872869645324735,0.20483359746434232,0.0,0.16666666666666666,0.6870943717416748,0.6811381943717962
0.6018254420992584,0.10271764163979734,0.47187004754358153,0.0,0.0,0.6795403766358125,0.4558008159849357
0.6879634911580148,0.06172270842929527,0.5206022187004754,0.0,0.0,0.6757101819342484,0.557275865676326
0.47480509602586035,0.9415016121602949,0.17194928684627572,0.0,0.16666666666666666,0.8294499414831366,0.6339575269379644
0.5067503327628826,0.06172270842929527,0.35578446909667194,0.0,0.0,0.5453771677838067,0.34742127837639925
0.3188819167142042,0.2680792261630585,0.47305863708399365,0.0,0.0,0.4629215874029152,0.31969871325452454
0.5107434873550104,0.3933671119299862,0.6133122028526149,0.0,0.0,0.4448345568677519,0.2508630609896433
0.44228940863281985,0.3735605711653616,0.33122028526148967,0.0,0.3333333333333333,0.300563889775508,0.5588450674756774
0.42726754135767253,0.3675725472132658,0.22939778129952454,0.0,0.16666666666666666,0.5957016703904672,0.4243121665446177
0.46472713443620456,0.15246430216490098,0.24366085578446905,0.0,0.16666666666666666,0.5240983083306735,0.3344492101684277
0.40121696139950563,0.2579456471672041,0.28961965134706813,0.25,0.0,0.4593041812958826,0.493147818809499
0.47936870127400644,0.5444495624136343,0.3359746434231379,0.0,0.16666666666666666,0.5031386317693373,0.5187781148655717
0.4691005894656778,0.10271764163979734,0.365689381933439,0.0,0.0,0.4978189169060539,0.2809917355371901
0.5413576725613233,0.06172270842929527,0.2670364500792393,0.25,0.0,0.6595382487498671,0.8113819437179622
0.5265259555048488,0.15246430216490098,0.21988906497622818,0.0,0.0,0.6032556654963295,0.448268647348049
0.29473283894276475,0.4016582220175035,0.1897781299524564,0.0,0.0,0.4950526651771465,0.4319489486347945
0.48526335805286164,0.18654997696913866,0.4790015847860539,0.0,0.0,0.381955527183743,0.11308714300659065
0.5662673512074538,0.10271764163979734,0.30071315372424723,0.0,0.0,0.6371954463240771,0.5361439481117272
0.3837231412816124,0.18654997696913866,0.2967511885895404,0.0,0.0,0.43940844770720294,0.3312061931164348
0.3837231412816124,0.18654997696913866,0.2967511885895404,0.0,0.0,0.43940844770720294,0.31980332670781464
0.4362046016352918,0.18654997696913866,0.39302694136291594,0.0,0.0,0.4749441429939356,0.3156187885762109
0.5424985738733599,0.10271764163979734,0.47305863708399365,0.0,0.0,0.5070752207681669,0.2960560728109635
0.6392850351777905,0.44449562413634275,0.5281299524564185,0.0,0.0,0.7364613256729441,0.4600899675698295
0.23122266590606577,0.3274988484569323,0.303486529318542,0.0,0.0,0.37089052026811364,0.3003452243958573
0.5257653546301577,0.29387379087977894,0.3918383518225039,0.0,0.16666666666666666,0.4620704330247899,0.5529867140914323
0.5137858908537745,0.06172270842929527,0.48256735340729,0.0,0.0,0.4756889030747952,0.22732503399937234
0.5050389807948278,0.5674804237678489,0.2923930269413629,0.0,0.0,0.7544419619108416,0.6744429333612303
0.5824301197946377,0.3818516812528789,0.46196513470681455,0.0,0.16666666666666666,0.6453878072135334,0.4894863479443457
0.2213348545350827,0.5444495624136343,0.5962757527733755,0.0,0.3333333333333333,0.3236514522821577,0.12354848833559998
0.6605818596691386,0.06172270842929527,0.3264659270998415,0.0,0.0,0.8210447919991489,0.6465111413327754
0.45027571781707554,0.10271764163979734,0.6121236133122028,0.0,0.0,0.4354718587083733,0.21487603305785127
0.5312797109716675,0.10271764163979734,0.2868462757527734,0.0,0.0,0.6061283115225025,0.46207762318234125
0.6084806997528047,0.0,0.3977812995245642,0.5,0.0,0.6961378870092563,0.5884506747567738
0.19889712873169804,0.5057577153385537,0.537242472266244,0.0,0.0,0.2752420470262794,0.3131080656972487
0.33732648792546105,0.40534315983417785,0.45324881141045964,0.0,0.3333333333333333,0.31290562825832535,0.5091536771628832
0.18387526145655064,0.32842008291110086,0.3145800316957211,0.0,0.0,0.4465368656240026,0.28549011402866414
0.46833998859098686,0.19760479041916168,0.19175911251980982,0.0,0.0,0.5918714756889031,0.5414792342295219
0.231793116562084,0.5310916628281899,0.050316957210776544,0.0,0.0,0.6194275986807107,0.49000941521079616
0.231793116562084,0.5135882081989867,0.10182250396196514,0.0,0.0,0.5883604638791361,0.44868710116120936
0.5736832097356912,0.5872869645324735,0.26782884310618066,0.0,0.16666666666666666,0.8137035854878178,0.7990375562297312
0.7214299296444191,0.18654997696913866,0.29437400950871634,0.0,0.16666666666666666,0.790722417278434,0.48896328067789524
0.46016352918805853,0.10271764163979734,0.22345483359746432,0.25,0.0,0.5643153526970955,0.4107124176169056
0.5999239399125309,0.0,0.2888272583201268,0.25,0.0,0.7370996914565379,0.5708756146040381
0.46510743487355,0.7337632427452787,0.365689381933439,0.25,0.16666666666666666,0.7364613256729441,0.637095930536667
0.36090511504088224,0.20819898664210043,0.4488906497622821,0.0,0.0,0.3325885732524737,0.21571294068417202
0.29473283894276475,0.38922155688622756,0.15729001584786054,0.25,0.0,0.5652729013724864,0.5372946960979182
0.43411294922989163,0.8162137263933672,0.37836767036450075,0.0,0.6666666666666666,0.6377274178104054,0.5575897060361963
0.5200608480699753,0.22846614463380932,0.4175911251980982,0.25,0.0,0.5563357804021705,0.47117899361857946
0.5611332953032895,0.3878397052049747,0.5110935023771791,0.0,0.3333333333333333,0.4835620810724546,0.5367716288314678
0.5601825442099257,0.6153846153846154,0.17551505546751187,0.0,0.0,0.5684647302904565,0.50559681975102
0.5841414717626925,0.0,0.32012678288431057,0.0,0.16666666666666666,0.6658155122885414,0.562924992153991
0.3011979463776383,0.6913864578535237,0.3173534072900159,0.0,0.0,0.7526332588573253,0.5836384559054295
0.33979844076820687,0.49516351911561496,0.21988906497622818,0.0,0.0,0.5578253005638899,0.6552986714091433
0.29454268872409206,0.2680792261630585,0.35301109350237714,0.0,0.0,0.4629215874029152,0.28109634899048025
0.5050389807948278,0.5674804237678489,0.2923930269413629,0.0,0.0,0.7544419619108416,0.6770582696934827
0.27742916904354437,0.3823122984799632,0.41957210776545173,0.0,0.16666666666666666,0.5684647302904565,0.603305785123967
0.231793116562084,0.45508982035928147,0.14580031695721077,0.0,0.0,0.5561229918076392,0.40129720682079717
0.4768967484312607,0.39567019806540765,0.6731378763866879,0.0,0.0,0.5824023832322588,0.42284757819855634
0.5655067503327629,0.5490557346844772,0.4298732171156894,0.0,0.16666666666666666,0.6430471326736888,0.5229626529971755
0.25708309564556,0.6066328880700138,0.35340729001584786,0.0,0.0,0.5929354186615599,0.4514070509467518
0.5784369652025099,0.6315062183325657,0.42868462757527726,0.0,0.16666666666666666,0.7227364613256729,0.5769431948948635
0.34455219623502564,0.4085674804237679,0.22107765451664022,0.0,0.0,0.49281838493456753,0.4608222617428602
0.5499144324015973,0.10271764163979734,0.38193343898573695,0.0,0.0,0.5670816044260029,0.3562088084527671
0.6432781897699182,0.319207738369415,0.39025356576862125,0.0,0.3333333333333333,0.6917757208213641,0.5872999267705827
0.4892565126449896,0.2579456471672041,0.19532488114104596,0.0,0.0,0.5423981274603682,0.4698190187258081
0.7914052101159915,0.15246430216490098,0.44572107765451663,1.0,0.6666666666666666,0.7930630918182787,0.6584370750078461
0.2684921087659251,0.45508982035928147,0.17432646592709983,0.0,0.16666666666666666,0.5708054048303012,0.26728737315618795
0.6408062369271724,0.06172270842929527,0.46236133122028517,0.0,0.0,0.7117778487073093,0.5363531750183074
0.27952082144894463,0.10271764163979734,0.3102218700475436,0.0,0.0,0.37652941802319395,0.3897897269588869
0.5236737022247574,0.26715799170888993,0.5166402535657686,0.0,0.16666666666666666,0.4738802000212789,0.5205565435715034
0.11637193382772387,0.6112390603408567,0.3518225039619651,0.0,0.0,0.5409086072986488,0.4858248770791924
0.4915383152690625,0.2298479963150622,0.1727416798732171,0.0,0.0,0.776678370039366,0.4834187676535203
0.4915383152690625,0.2298479963150622,0.1727416798732171,0.0,0.0,0.776678370039366,0.4530808661993933
0.5841414717626925,0.0,0.12044374009508714,0.0,0.0,0.8132780082987553,0.7629459148446491
0.3658490207263738,0.15246430216490098,0.4885103011093503,0.0,0.0,0.39982976912437496,0.24500470760539808
0.27590796729416234,0.44035006909258406,0.4940570522979397,0.0,0.0,0.09086072986487927,0.3750392300449838
0.4957216200798631,0.5591893136803316,0.24366085578446905,0.0,0.0,0.6591126715608044,0.6786274714928341
0.3569119604487545,0.10271764163979734,0.3363708399366086,0.0,0.0,0.4200446856048516,0.3480489590961398
0.2686822589845978,0.3519115614923998,0.15530903328050713,0.0,0.0,0.46792211937440154,0.513442828747777
0.40559041642897886,0.319207738369415,0.2753565768621236,0.0,0.16666666666666666,0.45972975848494524,0.37137775917983057
0.6147556569690054,0.19760479041916168,0.4659270998415215,0.0,0.16666666666666666,0.5512288541334185,0.3963803745161628
0.4772770488686061,0.422846614463381,0.6034072900158479,0.0,0.0,0.5229279710607512,0.4250444607176483
0.27457691576345317,0.6803316444035008,0.3573692551505547,0.0,0.0,0.649962761995957,0.5938905743278586
0.5594219433352349,0.3735605711653616,0.3217115689381933,0.0,0.0,0.656984785615491,0.4526624123862329
0.49324966723711733,0.15246430216490098,0.6541204437400951,0.0,0.16666666666666666,0.40419193531226727,0.4319489486347945
0.5158775432591747,0.32335329341317365,0.44809825673534065,0.0,0.16666666666666666,0.4748377486966699,0.39627576106287277
0.40901312036508836,0.40534315983417785,0.4326465927099842,0.0,0.0,0.43259921268220025,0.384245213934512
0.33751663814413385,0.4302164900967297,0.23296354992076068,0.0,0.16666666666666666,0.6535801681029897,0.4346688984203369
0.5634150979273626,0.06172270842929527,0.427892234548336,0.0,0.0,0.6641132035322908,0.4448164033894759
0.7355010458262027,0.2579456471672041,0.29358161648177494,0.25,0.3333333333333333,0.76774124906905,0.8910973951250131
0.5873740254801292,0.0,0.22503961965134706,0.0,0.0,0.7568890307479521,0.4573700177842871
0.29111998478798246,0.3675725472132658,0.1561014263074485,0.0,0.16666666666666666,0.5255878284923928,0.34260905952505494
0.4738543449324966,0.44449562413634275,0.47068145800316963,0.0,0.3333333333333333,0.4261091605489946,0.3888482058792761
0.4173797299866895,0.47489636112390604,0.5673534072900158,0.0,0.5,0.25758059368017877,0.46647138822052514
0.6567788552956837,0.3818516812528789,0.457606973058637,0.0,0.16666666666666666,0.7231620385147356,0.5858353384245214
0.31222665906065794,0.41777982496545374,0.18819334389857367,0.0,0.0,0.6309181827854027,0.38937127314572656
0.5748241110477276,0.10271764163979734,0.26386687797147385,0.0,0.0,0.5968720076603894,0.3709593053666702
0.4972428218292451,0.2579456471672041,0.5360538827258321,0.0,0.3333333333333333,0.4256835833599319,0.3874882309865049
0.5320403118463586,1.0,0.19492868462757526,0.0,0.0,1.0,0.37347002824563247
0.4915383152690625,0.10271764163979734,0.26980982567353406,0.0,0.0,0.5738908394510055,0.435924259859818
0.6499334474234645,0.06172270842929527,0.43026941362916,0.0,0.0,0.7573146079370147,0.5834292289988493
0.3915193002471953,0.22846614463380932,0.28209191759112523,0.0,0.16666666666666666,0.4196191084157889,0.3187571921749137
0.2684921087659251,0.45508982035928147,0.17432646592709983,0.0,0.16666666666666666,0.5708054048303012,0.33947065592635217
0.6084806997528047,0.06172270842929527,0.30824088748019013,0.0,0.0,0.6670922438557293,0.41960456114656347
0.5063700323255372,0.2579456471672041,0.45919175911251975,0.0,0.3333333333333333,0.417704011065007,0.3805837430693587
0.3112759079672941,0.4735145094426532,0.2884310618066561,0.0,0.0,0.5656984785615492,0.4793388429752066
0.5750142612664004,0.3274988484569323,0.26822503961965133,0.0,0.3333333333333333,0.4926055963400362,0.5669003033790146
0.5050389807948278,0.18654997696913866,0.3066561014263074,0.0,0.3333333333333333,0.5826151718267901,0.47327126268438124
0.5388857197185776,0.18654997696913866,0.4710776545166403,0.25,0.16666666666666666,0.5483562081072455,0.5329009310597344
0.36641947138239206,0.11561492399815754,0.18423137876386686,0.0,0.0,0.48558357272050223,0.32001255361439485
0.5158775432591747,0.4025794564716721,0.2008716323296355,0.0,0.16666666666666666,0.6456005958080647,0.5466052934407365
0.5067503327628826,0.06172270842929527,0.20324881141045958,0.0,0.0,0.6314501542717311,0.5061198870174705
0.5535272865563794,0.22846614463380932,0.40015847860538817,0.0,0.16666666666666666,0.5612299180763912,0.44638560518882736
0.41642897889332575,0.6545370796867803,0.7472266244057053,0.0,0.0,0.5576125119693585,0.443770268856575
0.3740254801293021,0.10271764163979734,0.21513470681458,0.0,0.0,0.5019682944994148,0.40516790459253066
0.41243582430119785,0.856748042376785,0.25752773375594296,0.0,0.3333333333333333,0.78050856474093,0.8530180981274192
0.4776573493059516,0.0,0.16204437400950872,0.0,0.0,0.6253856793275882,0.4290197719426719
0.5554287887431071,0.11561492399815754,0.43977812995245635,0.0,0.0,0.47324183423768496,0.3679255152212575
0.4485643658490207,0.11561492399815754,0.7004754358161649,0.0,0.0,0.34024896265560167,0.1840150643372738
0.5841414717626925,0.0,0.3030903328050713,0.0,0.0,0.7782742844983509,0.5886599016633539
0.43506370032325536,0.15246430216490098,0.36331220285261484,0.0,0.0,0.376210235131397,0.30421592216759075
0.2238068073778285,0.5872869645324735,0.16164817749603805,0.0,0.0,0.6376210235131398,0.6974578930850508
0.7088800152120174,0.06172270842929527,0.45562599049128366,0.0,0.0,0.8016810298967976,0.6727691181085889
0.4679596881536414,0.32842008291110086,0.15887480190174327,0.0,0.16666666666666666,0.734227045430365,0.5216026781044042
0.332762882677315,0.4735145094426532,0.303486529318542,0.0,0.16666666666666666,0.6462389615916587,0.4305889737420232
0.45407872219053047,0.586365730078305,0.2916006339144215,0.0,0.0,0.6186828385998511,0.5586358405690972
0.3721239779425746,0.7466605251036389,0.4381933438985736,0.0,0.0,0.648686030428769,0.654984831049273
0.5265259555048488,0.5642561031782589,0.5717115689381934,0.0,0.0,0.5253750398978615,0.5266241238623287
0.33390378398935155,0.437125748502994,0.29873217115689377,0.0,0.0,0.5132460900095756,0.24971231300345226
0.3576725613234455,0.43620451404882543,0.2595087163232963,0.25,0.0,0.48345568677518885,0.3698085573804792
0.37649743297204785,0.5923537540304008,0.34944532488114105,0.0,0.0,0.4772848175337802,0.46605293440736484
0.4808899030233884,0.6356517733763243,0.33201267828843106,0.0,0.0,0.44738802000212796,0.6240192488754054
0.5154972428218293,0.6356517733763243,0.33835182250396195,0.0,0.0,0.4828173209915949,0.502249189245737
0.32876972808518723,0.7337632427452787,0.37836767036450075,0.0,0.0,0.6600702202361953,0.6245423161418558
0.25023768777334093,0.7894979272224781,0.6770998415213947,0.0,0.0,0.5577189062666241,0.5240087875300764
0.6501235976421373,0.20819898664210043,0.5732963549920761,0.0,0.0,0.34620704330247903,0.35673187571921755
0.5107434873550104,0.18654997696913866,0.4049128367670364,0.25,0.16666666666666666,0.5066496435791041,0.5194057955853123
0.4767065982125879,0.7305389221556887,0.20364500792393028,0.5,0.3333333333333333,0.8772209809554208,0.7667119991630924
0.5514356341509793,0.3274988484569323,0.437797147385103,0.25,0.5,0.49398872220448986,0.4174076786274715
0.5559992393991253,0.26715799170888993,0.5106973058637084,0.0,0.16666666666666666,0.5037769975529311,0.42514907417093845
0.5976421372884578,0.4721326577614003,0.26109350237717904,0.0,0.3333333333333333,0.32971592722630066,0.39596192070300246
0.5027571781707549,0.4477199447259328,0.7179080824088749,0.0,0.5,0.2892860942653474,0.43843498273878023
0.0,0.4744357438968218,0.20206022187004755,0.0,0.0,0.4200446856048516,0.5758970603619625
0.6297775242441529,0.6015660985720866,0.3993660855784469,0.0,0.16666666666666666,0.8575380359612726,0.43791191547232977
0.4173797299866895,0.7093505297098113,0.3288431061806656,0.0,0.0,0.7213533354612193,0.6400251072287897
0.2882677315078912,0.4283740211883925,0.17828843106180664,0.0,0.0,0.45526119799978726,0.4902186421173763
0.39418140330861384,0.4790419161676647,0.4782091917591125,0.0,0.16666666666666666,0.5883604638791361,0.4354011925933675
0.4438106103822018,0.29986181483187474,0.15253565768621236,0.0,0.0,0.754016384721779,0.544931478188095
0.5154972428218293,0.6356517733763243,0.33835182250396195,0.0,0.0,0.4828173209915949,0.6151271053457475
0.5482030804335425,0.5444495624136343,0.4865293185419969,0.0,0.0,0.5656984785615492,0.49775081075426303
0.6929073968435063,0.6890833717181023,0.22503961965134706,0.0,0.0,0.68156186828386,0.5373993095512084
0.5552386385244342,0.3109166282818978,0.6782884310618067,0.0,0.0,0.5756995425045218,0.3769222722042055
0.42327438676554474,0.5693228926761861,0.20245641838351822,0.0,0.0,0.7156080434088733,0.6270530390208181
0.61437535653166,0.4085674804237679,0.4175911251980982,0.0,0.0,0.7394403659963826,0.6220315932628936
0.5719718577676364,0.7913403961308153,0.3375594294770206,0.0,0.0,0.6437918927545484,0.4271367297834502
0.4088229701464157,0.4661446338093045,0.44572107765451663,0.0,0.5,0.18246621981061814,0.2109007218328277
0.6217912150598972,0.35099032703823124,0.519809825673534,0.0,0.0,0.4286626236833706,0.33936604247306207
0.2468149838372314,0.4735145094426532,0.1450079239302694,0.0,0.0,0.5319714863283328,0.5492206297729888
0.40920327058376116,0.3371718102257025,0.43066561014263083,0.0,0.0,0.4895201617193319,0.3021236531017889
0.25708309564556,0.6066328880700138,0.14817749603803487,0.0,0.0,0.6916693265240983,0.6148132649858772
0.21962350256702795,0.31368033164440356,0.15768621236133123,0.0,0.0,0.5552718374295138,0.38110681033580923
0.4299296444190911,0.5209580838323353,0.20285261489698891,0.0,0.3333333333333333,0.6800723481221407,0.6074903232555707
0.34455219623502564,0.4085674804237679,0.22107765451664022,0.0,0.0,0.49281838493456753,0.4253583010775186
0.5944095835710211,0.06172270842929527,0.2115689381933439,0.0,0.0,0.7381636344291947,0.6261115179412073
0.5158775432591747,0.8056195301704285,0.2927892234548336,0.0,0.16666666666666666,0.6584743057772104,0.512396694214876
0.6681878684160487,0.262551819438047,0.3910459587955626,0.0,0.0,0.7727417810405363,0.6444188722669736
0.3099448564365849,0.35099032703823124,0.15927099841521394,0.0,0.0,0.6091073518459411,0.3663563134219061
0.2926411865373645,0.5988023952095809,0.38193343898573695,0.0,0.0,0.5591020321310778,0.4902186421173763
0.5210115991633391,0.7130354675264856,0.49801901743264665,0.0,0.0,0.4286626236833706,0.6491264776650277
0.2238068073778285,0.5872869645324735,0.16164817749603805,0.0,0.0,0.6376210235131398,0.7041531540956167
0.29454268872409206,0.17918010133579,0.1584786053882726,0.0,0.0,0.5146292158740292,0.38686055026676436
0.7045065601825442,0.06172270842929527,0.3399366085578447,0.0,0.0,0.8748803064155762,0.6816612616382467
0.45598022437725794,0.4970059880239521,0.16996830427892232,0.0,0.0,0.8890307479519098,0.7144052725180459
0.21277809469480888,0.32335329341317365,0.2713946117274168,0.0,0.0,0.1722523672731142,0.8451720891306621
0.23122266590606577,0.42192538000921237,0.3213153724247227,0.0,0.16666666666666666,0.4332375784657943,0.11507479861910243
0.2743867655447803,0.3560571165361585,0.1493660855784469,0.0,0.16666666666666666,0.5802744972869455,0.3459566900303379
0.24871648602395893,0.369415016121603,0.15015847860538828,0.25,0.0,0.6046387913607831,0.4366565540328487
0.5632249477086898,0.10271764163979734,0.16085578446909668,0.0,0.0,0.6867751888498778,0.4410503190710326
0.31222665906065794,0.41777982496545374,0.18819334389857367,0.0,0.0,0.6309181827854027,0.3901035673187572
0.5037079292641187,0.10271764163979734,0.46553090332805064,0.25,0.0,0.4978189169060539,0.39763573595564394
0.6761741776003042,0.29387379087977894,0.2856576862123613,0.0,0.16666666666666666,0.6852856686881583,0.8490427869023957
0.5069404829815555,0.18654997696913866,0.22464342313787636,0.25,0.0,0.6232577933822748,0.5834292289988493
0.58604297394942,0.15246430216490098,0.34944532488114105,0.0,0.0,0.6018725396318758,0.4941939533423999
0.5103631869176649,0.36711192998618153,0.8161648177496038,0.5,0.0,0.28588147675284603,0.4027617951668585
0.4622551815934588,0.4283740211883925,0.26901743264659267,0.0,0.0,0.5943185445260135,0.5855214980646511
0.5831907206693288,0.10271764163979734,0.3874801901743265,0.0,0.0,0.6963506756037877,0.5341562924992155
0.45750142612663997,0.6877015200368495,0.34984152139461167,0.0,0.0,0.7044366421959785,0.6896118840882938
0.49096786461304426,0.9539382772915709,0.3688589540412044,0.0,0.0,0.726885838919034,0.6687938068835653
0.27952082144894463,0.10271764163979734,0.3878763866877971,0.75,0.0,0.36514522821576767,0.5033999372319281
0.6807377828484502,0.26715799170888993,0.38193343898573695,0.5,0.16666666666666666,0.6326204915416535,0.5244272413432368
0.3247765734930595,0.47259327498848464,0.27496038034865294,0.0,0.16666666666666666,0.578465794233429,0.40192488754053773
0.18387526145655064,0.32842008291110086,0.3145800316957211,0.0,0.0,0.4465368656240026,0.20954074694005653
0.31222665906065794,0.35099032703823124,0.17789223454833594,0.25,0.0,0.4229173316310246,0.37116853227325036
0.48526335805286164,0.3735605711653616,0.28961965134706813,0.0,0.0,0.5838919033939781,0.4397949576315514
0.6727514736641947,0.696453247351451,0.25752773375594296,0.0,0.3333333333333333,0.5313331205447388,0.5177319803326708
0.2991062939722381,0.18654997696913866,0.31973058637083995,0.0,0.0,0.27322055537823176,0.23360184119677793
0.2977752424415288,0.2118839244587748,0.15570522979397783,0.25,0.0,0.5415469730822429,0.5133382152944869
0.4892565126449896,0.319207738369415,0.43225039619651356,0.25,0.0,0.4134482391743803,0.3708546919133801
0.3099448564365849,0.35099032703823124,0.15927099841521394,0.0,0.0,0.6091073518459411,0.37190082644628103
0.32458642327438675,0.3735605711653616,0.16679873217115687,0.25,0.0,0.6091073518459411,0.5465006799874464
0.36147556569690054,0.17918010133579,0.24405705229793978,0.0,0.0,0.5511224598361528,0.36196254838372216
0.5831907206693288,0.10271764163979734,0.3510301109350238,0.0,0.0,0.5730396850728801,0.3487812532691705
0.5579007415858528,0.10271764163979734,0.3399366085578447,0.0,0.16666666666666666,0.5576125119693585,0.32304634375980756
0.4588324776573493,0.18654997696913866,0.48058637083993666,0.0,0.3333333333333333,0.4790935205872966,0.3635317501830736
0.5831907206693288,0.10271764163979734,0.4080824088748018,0.0,0.0,0.5730396850728801,0.3271262684381212
0.7349305951701844,0.18654997696913866,0.3141838351822504,0.25,0.6666666666666666,0.8004042983296096,0.5496390835861492
0.6953793496862521,0.0,0.3205229793977813,0.0,0.16666666666666666,0.8109373337589106,0.4445025630296056
0.4588324776573493,0.10271764163979734,0.42234548335974637,0.25,0.0,0.4602617299712735,0.3624856156501726
0.45750142612663997,0.319207738369415,0.41283676703645,0.0,0.3333333333333333,0.39057346526226194,0.1048226801966733
0.24624453318121312,0.6195301704283741,0.15332805071315372,0.0,0.0,0.6916693265240983,0.5961920703002407
0.5170184445712113,0.11561492399815754,0.328446909667195,0.0,0.0,0.47558250877752956,0.3172926038288524
0.33865753945617033,0.29387379087977894,0.20800316957210777,0.0,0.0,0.4878178529630812,0.36279945601004293
0.49115801483171706,0.0,0.2194928684627575,0.0,0.0,0.6535801681029897,0.40516790459253066
0.4101540216771249,0.10271764163979734,0.2595087163232963,0.0,0.0,0.49845728268964784,0.3258709069986401
0.4691005894656778,0.10271764163979734,0.31576862123613314,0.0,0.0,0.4715395254814343,0.27607490323255574
0.46453698421753176,0.0,0.2706022187004754,0.5,0.0,0.5643153526970955,0.4101893503504551
0.31222665906065794,0.35099032703823124,0.28605388272583204,0.0,0.3333333333333333,0.2931162889669114,0.27848101265822783
0.4816505038980795,0.3274988484569323,0.3324088748019018,0.0,0.5,0.3897223108841366,0.2749241552463647
0.5077010838562463,0.6646706586826349,0.20483359746434232,0.0,0.0,0.9628683902542825,0.7716288314677269
0.26811180832857956,0.5693228926761861,0.17155309033280505,0.0,0.16666666666666666,0.6747526332588575,0.45726540433099705
0.2698231602966343,0.15246430216490098,0.32686212361331224,0.25,0.0,0.3220555378231727,0.3935558112773303
0.5767256132344553,0.10271764163979734,0.45958795562599053,0.0,0.16666666666666666,0.5670816044260029,0.37754995292394605
0.05666476516447992,0.3371718102257025,0.3815372424722662,0.0,0.16666666666666666,0.35312267262474734,0.3586149178784392
0.2882677315078912,0.4283740211883925,0.17828843106180664,0.0,0.0,0.45526119799978726,0.4363427136729784
0.259364898269633,0.22846614463380932,0.6164817749603804,0.0,0.16666666666666666,0.2320459623364188,0.12323464797572971
0.3348545350827153,0.44035006909258406,0.8767828843106181,0.0,0.0,0.3188637089052027,0.1305575897060362
0.6092413006274956,0.3818516812528789,0.4603803486529318,0.0,0.16666666666666666,0.6287902968400895,0.4692959514593577
0.45236737022247564,0.0,0.3712361331220285,0.0,0.3333333333333333,0.5570805404830301,0.42075530913275455
0.7349305951701844,0.18654997696913866,0.3141838351822504,0.5,0.5,0.8004042983296096,0.5284025525682603
0.29872599353489254,0.6969138645785352,0.6664025356576861,0.0,0.0,0.3588679646770933,0.4665760016738153
0.41338657539456175,0.40534315983417785,0.518621236133122,0.0,0.5,0.330886264496223,0.16675384454440842
0.6396653356151359,0.5126669737448181,0.2812995245641839,0.25,0.3333333333333333,0.7940206404936695,0.7937022701119364
0.34455219623502564,0.4085674804237679,0.22107765451664022,0.0,0.0,0.49281838493456753,0.5083167695365625
0.4915383152690625,0.10271764163979734,0.26980982567353406,0.0,0.0,0.5738908394510055,0.41500156920179937
0.2713443620460163,0.3809304467987103,0.1838351822503962,0.0,0.0,0.5075007979572295,0.5644941939533424
0.39189960068454077,0.06172270842929527,0.20879556259904913,0.0,0.0,0.5304819661666135,0.3522334972277435
0.4101540216771249,0.10271764163979734,0.2393026941362916,0.25,0.0,0.5304819661666135,0.3459566900303379
0.4381061038220194,0.4477199447259328,0.3403328050713153,0.0,0.3333333333333333,0.5251622513033302,0.47201590124490017
0.3441718957976801,0.18654997696913866,0.19017432646592708,0.0,0.16666666666666666,0.4877114586658155,0.25326917041531544
0.24909678646130443,0.5122063565177338,0.1921553090332805,0.0,0.0,0.5589956378338121,0.49639083586149185
0.3369461874881156,0.4283740211883925,0.20919175911251983,0.0,0.0,0.49281838493456753,0.5182550475991212
0.45293782087849394,0.35099032703823124,0.3415213946117274,0.0,0.3333333333333333,0.5192041706564529,0.45151166440004187
0.5919376307282752,0.0,0.3114104595879556,0.0,0.0,0.7168847749760613,0.5110367193221048
0.48526335805286164,0.3735605711653616,0.2991283676703645,0.0,0.0,0.5838919033939781,0.34982738780207134
0.3475945997337897,0.2579456471672041,0.17393026941362913,0.0,0.16666666666666666,0.4816469837216726,0.20043937650381843
0.4485643658490207,0.18654997696913866,0.5511093502377179,0.0,0.16666666666666666,0.45292052345994255,0.2613244063186526
0.41985168282943525,0.2680792261630585,0.758716323296355,0.0,0.0,0.4756889030747952,0.3161418558426614
0.27742916904354437,0.3823122984799632,0.19928684627575277,0.0,0.0,0.6768805192041707,0.44042263835129203
0.1848260125499144,0.3823122984799632,0.4156101426307448,0.5,0.0,0.5282476859240345,0.5227534260905953
0.5708309564555999,0.2238599723629664,0.3874801901743265,0.0,0.0,0.656984785615491,0.4767235066429544
0.5594219433352349,0.3735605711653616,0.3217115689381933,0.0,0.0,0.656984785615491,0.46197300972905125
0.3162198136527857,0.4292952556425611,0.21196513470681458,0.0,0.16666666666666666,0.5759123310990532,0.4713882205251596
0.35653166001140896,0.19760479041916168,0.5923137876386688,0.0,0.0,0.366634748377487,0.21623600795062248
0.34017874120555236,0.15246430216490098,0.1897781299524564,0.0,0.16666666666666666,0.4445153739759549,0.23119573177110578
0.4778474995246244,0.5900506678949793,0.3367670364500792,0.0,0.0,0.5719757421002234,0.5136520556543572
0.34512264689104394,0.6001842468908337,0.4037242472266245,0.0,0.0,0.3680178742419406,0.509049063709593
0.39018824871648594,0.41040994933210506,0.751188589540412,0.0,0.0,0.5132460900095756,0.33852913484674135
0.4479939151930024,0.2579456471672041,0.30586370839936605,0.0,0.16666666666666666,0.4930311735290989,0.3479443456428497
0.3011979463776383,0.29387379087977894,0.18819334389857367,0.25,0.0,0.47813597191190554,0.4151061826550895
0.8011028712683019,0.06172270842929527,0.5772583201267828,0.0,0.0,0.5427173103521652,0.4934616591693692
0.2686822589845978,0.41040994933210506,0.16640253565768617,0.0,0.0,0.5971911905521864,0.4558008159849357
0.4200418330481079,0.42745278673422393,0.38668779714738516,0.0,0.16666666666666666,0.49164804766464526,0.6376189978031175
0.3011979463776383,0.29387379087977894,0.18819334389857367,0.25,0.0,0.47813597191190554,0.4312166544617638
0.6602015592317931,0.22846614463380932,0.40966719492868453,0.0,0.16666666666666666,0.754335567613576,0.5977612720995921
0.2766685681688533,0.7466605251036389,0.4417591125198097,0.0,0.0,0.5877220980955421,0.5883460613034837
0.6453698421753185,0.06172270842929527,0.5,0.0,0.0,0.2755612299180764,0.32409247829270843
0.4563605248146036,0.5923537540304008,0.36172741679873216,0.0,0.0,0.5433556761357591,0.5507898315723402
0.2772390188248716,0.3362505757715339,0.4520602218700475,0.0,0.0,0.40078731779976595,0.30902814101893505
0.5295683590036129,0.15246430216490098,0.2781299524564184,0.0,0.16666666666666666,0.5770826683689754,0.3859190291871535
0.34455219623502564,0.4085674804237679,0.22107765451664022,0.0,0.0,0.49281838493456753,0.5531959409980124
0.5440197756227418,0.8014739751266698,0.35340729001584786,0.0,0.0,0.37344398340248963,0.566272622659274
0.40597071686632435,0.10271764163979734,0.4770206022187005,0.0,0.16666666666666666,0.4200446856048516,0.20357778010252123
0.5594219433352349,0.3735605711653616,0.3217115689381933,0.0,0.0,0.656984785615491,0.43874882309865054
0.4812702034607339,0.18654997696913866,0.39738510301109353,0.0,0.0,0.5086711352271518,0.3997280050214458
0.422323635672181,0.11561492399815754,0.544770206022187,0.0,0.0,0.45558038089158426,0.30651741813997285
0.7180072257083094,0.11561492399815754,0.35301109350237714,1.0,0.5,0.7806149590381956,0.6726645046552987
0.2122076440387906,0.262551819438047,0.31339144215530906,0.25,0.0,0.5231407596552825,0.6288314677267497
0.31679026430880397,0.11561492399815754,0.7650554675118859,0.0,0.0,0.2812001276731567,0.4007741395543467
0.5436394751853965,0.3274988484569323,0.4714738510301109,0.0,0.5,0.4737738057240132,0.3773407260173659
0.5436394751853965,0.3274988484569323,0.47543581616481784,0.0,0.5,0.38738163634429196,0.3525473375876138
0.3230652215250047,0.18654997696913866,0.5305071315372425,0.0,0.0,0.2500265985743164,0.019771942671827598
0.35006655257653546,0.26715799170888993,0.21592709984152136,0.0,0.0,0.4878178529630812,0.3918819960246888
0.7166761741776003,0.3519115614923998,0.3292393026941363,0.0,0.16666666666666666,0.8662623683370572,0.560623496181609
0.7014641566837801,0.4735145094426532,0.32805071315372425,0.0,0.16666666666666666,0.9176508139163742,0.5968197510199812
0.2882677315078912,0.4283740211883925,0.17828843106180664,0.0,0.0,0.45526119799978726,0.3779684067371064
0.44590226278760214,0.10271764163979734,0.24841521394611724,0.0,0.0,0.5401638472177892,0.38686055026676436
0.35006655257653546,0.26715799170888993,0.21592709984152136,0.0,0.0,0.4878178529630812,0.3918819960246888
0.46320593268682253,0.06172270842929527,0.2456418383518225,0.0,0.0,0.5401638472177892,0.33026467203682397
0.45312797109716674,0.18654997696913866,0.18700475435816163,0.25,0.5,0.5444196191084159,0.642535830107752
0.3647081194143373,0.7305389221556887,0.3787638668779715,0.0,0.0,0.7422066177252898,0.6797782194790251
0.24624453318121312,0.6195301704283741,0.15332805071315372,0.0,0.0,0.6916693265240983,0.5543466889842035
0.4708119414337326,0.06172270842929527,0.49326465927099844,0.0,0.0,0.4354718587083733,0.23130034522439585
0.40616086708499716,0.6913864578535237,0.2884310618066561,0.0,0.0,0.738057240131929,0.5577989329427765
0.27742916904354437,0.45002303086135426,0.14857369255150554,0.0,0.0,0.7106075114373871,0.4926247515430484
0.7349305951701844,0.18654997696913866,0.3141838351822504,0.5,0.3333333333333333,0.8004042983296096,0.574118631656031
0.35386955694999045,0.26715799170888993,0.35697305863708395,0.0,0.0,0.47058197680604325,0.31091118317815675
0.46320593268682253,0.06172270842929527,0.2456418383518225,0.0,0.0,0.5401638472177892,0.376399204937755
0.4761361475565696,0.06172270842929527,0.3141838351822504,0.25,0.0,0.5643153526970955,0.3678209017679674
0.46320593268682253,0.06172270842929527,0.2456418383518225,0.0,0.0,0.5401638472177892,0.3313108065697249
0.34017874120555236,0.2947950253339475,0.21434231378763868,0.0,0.0,0.5686775188849877,0.4428287477769641
0.4930595170184445,0.11561492399815754,0.35301109350237714,0.0,0.16666666666666666,0.5189913820619215,0.28161941625693065
0.40597071686632435,0.10271764163979734,0.4770206022187005,0.25,0.0,0.4200446856048516,0.45716079087770695
0.4588324776573493,0.10271764163979734,0.47028526148969885,0.0,0.16666666666666666,0.4602617299712735,0.24228475781985567
0.45236737022247564,0.0,0.3712361331220285,1.0,0.0,0.5570805404830301,0.3725285071660216
0.29473283894276475,0.3035467526485491,0.15530903328050713,0.0,0.0,0.49388232790722414,0.3843498273878021
0.6828294352538505,0.10271764163979734,0.4524564183835182,0.0,0.16666666666666666,0.786253856793276,0.5950413223140496
0.7701083856246433,0.10271764163979734,0.35340729001584786,0.25,0.16666666666666666,0.8179593573784446,0.6623077727795795
0.4708119414337326,0.06172270842929527,0.49326465927099844,0.0,0.0,0.4354718587083733,0.25462914530808667
0.5240540026621031,0.5481345002303086,0.6327258320126783,0.0,0.6666666666666666,0.16235769762740718,0.38037451616277856
0.5067503327628826,0.06172270842929527,0.266244057052298,0.0,0.0,0.5453771677838067,0.3926142901977195
0.39570260505799587,0.10271764163979734,0.6545166402535658,0.0,0.0,0.39195659112671566,0.1474003556857412
0.659440958357102,0.26715799170888993,0.3435023771790808,0.25,0.3333333333333333,0.6158101925736781,0.5738047912961608
0.5358433162198135,0.10271764163979734,0.48256735340729,0.0,0.0,0.5132460900095756,0.29291766921226076
0.32515687393040493,0.3809304467987103,0.21473851030110933,0.0,0.0,0.5450579848920097,0.5180458206925411
0.35006655257653546,0.26715799170888993,0.21592709984152136,0.0,0.0,0.4878178529630812,0.3588241447850194
0.32515687393040493,0.3809304467987103,0.21473851030110933,0.0,0.0,0.5450579848920097,0.4119677790563867
0.5033276288267732,0.15246430216490098,0.3078446909667195,0.25,0.0,0.6379402064049368,0.39324197091746
0.5934588324776572,0.319207738369415,0.3839144215530903,0.0,0.3333333333333333,0.5809128630705395,0.48237263312061934
0.2698231602966343,0.7761400276370337,0.0,0.0,0.0,0.7956165549526546,0.6974578930850508
0.302909298345693,0.6646706586826349,0.2004754358161648,0.0,0.0,0.830939461644856,0.6227638874359244
0.23920897509032135,0.6282818977429757,0.009904912836767024,0.0,0.0,0.7526332588573253,0.5793493043205357
0.32515687393040493,0.3809304467987103,0.21473851030110933,0.0,0.0,0.5450579848920097,0.5262056700491684
0.2943525385054192,0.4085674804237679,0.19492868462757526,0.0,0.0,0.45526119799978726,0.4474317397217283
0.6157064080623691,0.2579456471672041,0.39738510301109353,0.25,0.0,0.5887860410681988,0.5119782404017157
0.4479939151930024,0.2579456471672041,0.3775752773375594,0.25,0.0,0.4386636876263433,0.4042263835129198
0.3915193002471953,0.22846614463380932,0.3102218700475436,0.0,0.16666666666666666,0.4196191084157889,0.37744533947065595
0.36147556569690054,0.2680792261630585,0.21196513470681458,0.0,0.0,0.5686775188849877,0.3704362381002197
0.37440578056664764,0.3809304467987103,0.2389064976228209,0.0,0.0,0.5805936801787425,0.4540223872790041
0.3369461874881156,0.4283740211883925,0.20919175911251983,0.0,0.0,0.49281838493456753,0.5024584161523172
0.40197756227419656,0.3274988484569323,0.29754358161648176,0.0,0.0,0.46802851367166726,0.39679882832932317
0.6598212587944475,0.10271764163979734,0.4540412044374009,0.0,0.16666666666666666,0.7573146079370147,0.5378177633643687
0.20270013310515306,0.49608475356978354,0.16402535657686212,0.0,0.0,0.6377274178104054,0.47881577570875616
0.32515687393040493,0.3809304467987103,0.21473851030110933,0.0,0.0,0.5450579848920097,0.4034940893398892
0.2943525385054192,0.4085674804237679,0.19492868462757526,0.0,0.0,0.45526119799978726,0.40579558531227117
0.32515687393040493,0.3809304467987103,0.21473851030110933,0.0,0.0,0.5450579848920097,0.5327963176064442
0.2743867655447803,0.26715799170888993,0.16204437400950872,0.0,0.0,0.47813597191190554,0.34919970708233083
0.36432781897699185,0.35099032703823124,0.2805071315372425,0.0,0.16666666666666666,0.5162251303330142,0.40056491264776656
0.2743867655447803,0.26715799170888993,0.16204437400950872,0.0,0.0,0.47813597191190554,0.3906266345852077
0.31602966343411293,0.3274988484569323,0.18700475435816163,0.0,0.16666666666666666,0.43759974465368656,0.31844335181504346
0.35082715345122645,0.06172270842929527,0.18462757527733756,0.0,0.0,0.4670709649962762,0.31645569620253167
0.16067693477847497,0.262551819438047,0.19136291600633915,0.0,0.16666666666666666,0.27311416108096603,0.2502353802699027
0.2709640616086708,0.6259788116075542,0.7436608557844692,0.25,0.16666666666666666,0.43940844770720294,0.49618160895491165
0.21049629207073586,0.19760479041916168,0.7539619651347068,0.0,0.0,0.2632194914352591,0.19290720786693172
0.4535082715345122,0.29387379087977894,0.2008716323296355,0.0,0.0,0.6512394935631451,0.5076890888168218
0.5033276288267732,0.15246430216490098,0.3965927099841521,0.75,0.0,0.5247366741142676,0.46239146354221156
0.5489636813082334,0.2897282358360203,0.2175118858954041,0.0,0.0,0.6595382487498671,0.35631342190605714
0.3915193002471953,0.22846614463380932,0.3102218700475436,0.0,0.16666666666666666,0.4196191084157889,0.21686368867036301
0.4403879064460924,0.22846614463380932,0.6774960380348652,0.0,0.0,0.2514097244387701,0.1702060885029815
0.40140711161817827,0.3823122984799632,0.25752773375594296,0.0,0.0,0.6858176401744867,0.6903441782613244
0.3740254801293021,0.10271764163979734,0.3573692551505547,0.0,0.0,0.407170975635706,0.3220002092269066
0.2686822589845978,0.41040994933210506,0.16640253565768617,0.0,0.0,0.5971911905521864,0.47776964117585524
0.3553907586993725,0.22846614463380932,0.43026941362916,0.0,0.16666666666666666,0.3285455899563784,0.3114342504446072
0.2599353489256512,0.2947950253339475,0.527337559429477,0.0,0.0,0.39195659112671566,0.21121456219269802
0.39703365658870504,0.3823122984799632,0.49920760697305855,0.0,0.0,0.6214490903287584,0.3863374830003139
0.23293401787412052,0.6637494242284663,0.15055467511885895,0.0,0.0,0.6713480157463562,0.6312375771524218
0.5200608480699753,0.27821280515891295,0.4441362916006339,0.0,0.0,0.6740078731779977,0.5265195104090387
0.48526335805286164,0.3735605711653616,0.28961965134706813,0.0,0.0,0.5838919033939781,0.4923109111831782
0.4696710401216961,0.11561492399815754,0.37202852614896986,0.0,0.0,0.428237046494308,0.24678313631132964
0.4806997528047156,0.22846614463380932,0.2919968304278922,0.0,0.16666666666666666,0.5432492818384935,0.45956690030337904
0.06332002281802623,0.5297098111469369,0.22662440570522976,0.0,0.16666666666666666,0.4128098733907863,0.3604979600376609
0.5088419851682829,0.49193919852602497,0.20879556259904913,0.0,0.0,0.5768698797744441,0.34250444607176483
0.27742916904354437,0.5886688162137265,0.19809825673534073,0.0,0.0,0.7998723268432814,0.5552882100638142
0.25708309564556,0.5186549976969138,0.15729001584786054,0.0,0.0,0.6594318544526014,0.49000941521079616
0.29473283894276475,0.3519115614923998,0.1834389857369255,0.25,0.0,0.5482498138099798,0.5497436970394393
0.25708309564556,0.5186549976969138,0.15729001584786054,0.0,0.0,0.6594318544526014,0.5176273668793808
0.25822399695759646,0.4292952556425611,0.18026941362916005,0.25,0.0,0.5421853388658369,0.48320954074694006
0.34455219623502564,0.4085674804237679,0.22107765451664022,0.0,0.0,0.49281838493456753,0.4318443351815044
0.24320212968244911,0.10271764163979734,0.6073692551505546,0.0,0.0,0.2885413341844877,0.050319071032534794
0.5674082525194903,0.5301704283740213,0.20404120443740095,0.0,0.3333333333333333,0.5492073624853708,0.4694005649126478
0.4915383152690625,0.10271764163979734,0.26980982567353406,0.0,0.0,0.5738908394510055,0.4226383512919762
0.4411485073207834,0.4956241363426993,0.20800316957210777,0.0,0.16666666666666666,0.6598574316416641,0.6301914426195209
0.5206312987259935,0.11561492399815754,0.46117274167987327,0.0,0.0,0.4421746994361102,0.4267182759702898
0.33523483552006084,0.22846614463380932,0.17947702060221868,0.0,0.16666666666666666,0.438450899031812,0.3222094361334868
0.2977752424415288,0.49286043298019355,0.17630744849445323,0.25,0.0,0.6661346951803383,0.5437807302019041
0.26583000570450654,0.48917549516351916,0.18066561014263072,0.0,0.0,0.5688903074795191,0.4546500679987447
0.3426506940482981,0.2680792261630585,0.20483359746434232,0.0,0.0,0.5928290243642942,0.4131185270425777
0.4588324776573493,0.10271764163979734,0.47028526148969885,0.25,0.0,0.4602617299712735,0.3874882309865049
0.18387526145655064,0.3675725472132658,0.27614896988906495,0.0,0.0,0.37918927545483566,0.26320744847787425
0.556949990492489,0.4477199447259328,0.21592709984152136,0.0,0.16666666666666666,0.751462921587403,0.4995292394601947
0.18387526145655064,0.32842008291110086,0.3145800316957211,0.0,0.0,0.3601446962442813,0.237054085155351
0.5719718577676364,0.5122063565177338,0.36370839936608557,0.0,0.16666666666666666,0.6764549420151081,0.4867663981588033
0.5069404829815555,0.18654997696913866,0.22464342313787636,0.25,0.0,0.6232577933822748,0.4790250026153363
0.32876972808518723,0.10271764163979734,0.5475435816164819,0.0,0.0,0.34375997446536866,0.07584475363531751
0.2584141471762692,0.10271764163979734,0.5035657686212361,0.0,0.16666666666666666,0.328332801361847,0.08389998953865467
0.20612283704126255,0.2897282358360203,0.43066561014263083,0.0,0.0,0.27311416108096603,0.03222094361334868
0.28940863281992774,0.7305389221556887,0.6354992076069731,0.0,0.0,0.656984785615491,0.5428392091222932
0.12664004563605247,0.3473053892215569,0.2979397781299524,0.0,0.16666666666666666,0.26577295456963507,0.35924259859817975
0.2599353489256512,0.15246430216490098,0.9017432646592711,0.25,0.0,0.2777955101606554,0.08243540119259336
0.058185966913861936,0.45508982035928147,0.4330427892234548,0.0,0.16666666666666666,0.3259921268220024,0.2795271471911288
0.6010648412245673,0.5799170888991249,0.2258320126782884,0.25,0.3333333333333333,0.7621023513139696,0.8945496390835861
0.44913481650503895,0.15246430216490098,0.6870047543581617,0.0,0.16666666666666666,0.40972443877008197,0.1916518464274506
0.4441909108195475,0.06172270842929527,0.402931854199683,0.0,0.0,0.5453771677838067,0.27136729783450153
0.5843316219813653,0.06172270842929527,0.46949286846275756,0.0,0.0,0.5487817852963082,0.4543362276388744
0.3590036128541548,0.5112851220635652,0.5110935023771791,0.0,0.0,0.33758910522396,0.2665550789831573
0.6071496482220954,0.10271764163979734,0.45721077654516634,0.0,0.16666666666666666,0.6963506756037877,0.466262161313945
0.6299676744628255,0.10271764163979734,0.5257527733755942,0.0,0.0,0.6147462496010215,0.48645255779893304
0.2122076440387906,0.15246430216490098,0.5035657686212361,0.0,0.0,0.3160974571762954,0.18035359347212052
0.27742916904354437,0.11561492399815754,0.5241679873217115,0.0,0.0,0.3160974571762954,0.25159535516267395
0.6700893706027762,0.35099032703823124,0.7127575277337559,0.0,0.0,0.4386636876263433,0.2683335076890888
0.45598022437725794,0.42514970059880247,0.3648969889064976,0.0,0.0,0.44206830513884454,0.2052515953551627
0.6263548203080432,0.18654997696913866,0.27218700475435814,0.25,0.0,0.731035216512395,0.605607281096349
0.4445712112568929,0.7752187931828651,0.14976228209191758,0.0,0.0,0.8179593573784446,0.7567737211005335
0.7022247575584712,0.18654997696913866,0.32963549920760693,0.25,0.3333333333333333,0.7574210022342803,0.6917041531540957
0.4487545160676935,0.15246430216490098,0.24366085578446905,0.0,0.16666666666666666,0.49909564847324184,0.30923736792551526
0.33865753945617033,0.29387379087977894,0.20800316957210777,0.0,0.0,0.4878178529630812,0.36196254838372216
0.5312797109716675,0.10271764163979734,0.28328050713153724,0.0,0.16666666666666666,0.5576125119693585,0.349408933988911
0.6754135767256133,0.4758175955780746,0.22464342313787636,0.0,0.16666666666666666,0.7585913395042028,0.9730097290511559
0.34455219623502564,0.4085674804237679,0.22107765451664022,0.0,0.0,0.49281838493456753,0.4346688984203369
0.5721620079863092,0.18654997696913866,0.44690966719492875,0.0,0.16666666666666666,0.5503776997552932,0.41039857725703527
0.4498954173797299,0.319207738369415,0.3629160063391442,0.25,0.0,0.43557825300563885,0.499947693273355
0.38353299106293975,0.45508982035928147,0.3288431061806656,0.0,0.16666666666666666,0.6341100117033728,0.45517313526519515
0.32876972808518723,0.10271764163979734,0.5475435816164819,0.0,0.0,0.34375997446536866,0.11172716811381946
0.39570260505799587,0.10271764163979734,0.518621236133122,0.0,0.0,0.39195659112671566,0.16068626425358304
0.45027571781707554,0.10271764163979734,0.5015847860538827,0.0,0.0,0.4354718587083733,0.22638351291976153
0.3647081194143373,0.0,0.20641838351822506,0.0,0.0,0.5467602936482604,0.36081180039753113
0.14679596881536414,0.4970059880239521,0.5828050713153724,0.0,0.0,0.5436748590275561,0.35035045506852186
0.5280471572542308,0.40534315983417785,0.4239302694136291,0.0,0.5,0.5143100329822322,0.41332775394915783
0.8539646320593269,0.06172270842929527,0.5526941362916007,0.0,0.0,0.6385785721885308,0.6263207448477874
0.3534892565126449,0.32842008291110086,0.3189381933438986,0.25,0.0,0.5422917331631024,0.3669839941416466
0.5563795398364708,0.5693228926761861,0.30507131537242466,0.0,0.0,0.7609320140440472,0.7902500261533634
0.5151169423844837,0.5886688162137265,0.2056259904912837,0.0,0.0,0.9381849132886477,0.5030860968720579
0.6299676744628255,0.20819898664210043,0.6406497622820919,0.0,0.0,0.3045004787743377,0.18380583743069362
0.6917664955314698,0.10271764163979734,0.3771790808240888,0.75,0.3333333333333333,0.7227364613256729,0.5376085364577885
0.4295493439817456,0.2680792261630585,0.6113312202852615,0.0,0.0,0.4715395254814343,0.3131080656972487
0.6653356151359575,0.06172270842929527,0.45958795562599053,0.0,0.0,0.742844983508884,0.6129302228266555
0.43183114660581856,0.6379548595117458,0.328446909667195,0.0,0.3333333333333333,0.4153633365251623,0.47494507793702273
0.7356911960448753,0.10271764163979734,0.3541996830427892,0.0,0.0,0.8289179699968083,0.6884611361021028
0.4691005894656778,0.10271764163979734,0.365689381933439,0.0,0.0,0.4978189169060539,0.4970185165812324
0.2848450275717817,0.06172270842929527,0.6006339144215531,0.0,0.0,0.2885413341844877,0.2350664295428392
0.08727895037079289,0.06172270842929527,0.41006339144215537,0.0,0.0,0.27311416108096603,0.14080970812846533
0.14489446662863661,0.10271764163979734,0.5364500792393028,0.25,0.0,0.27311416108096603,0.3162464692959515
0.14489446662863661,0.10271764163979734,0.5578446909667194,0.0,0.0,0.24683476965634643,0.27900407992467835
0.06332002281802623,0.3823122984799632,0.410459587955626,0.0,0.16666666666666666,0.4847324183423769,0.293231509572131
0.05666476516447992,0.2947950253339475,0.5146592709984151,0.0,0.16666666666666666,0.328332801361847,0.3367507061408097
0.4438106103822018,0.06172270842929527,1.0,0.0,0.0,0.0,0.2429124385395962
0.39570260505799587,0.10271764163979734,0.518621236133122,0.0,0.0,0.39195659112671566,0.10565958782299405
0.11637193382772387,0.3735605711653616,0.36331220285261484,0.0,0.0,0.368549845728269,0.3004498378491474
0.4588324776573493,0.10271764163979734,0.47028526148969885,0.0,0.16666666666666666,0.4602617299712735,0.3146772674966001
0.1627685871838752,0.4735145094426532,0.44215530903328054,0.0,0.16666666666666666,0.4128098733907863,0.27617951668584584
0.22152500475375547,0.5568862275449102,0.3835182250396197,0.0,0.0,0.22257686987977443,0.3949157861701015
0.19661532610762503,0.6646706586826349,0.5978605388272583,0.0,0.0,0.6214490903287584,0.45893921958363854
0.08119414337326489,0.5693228926761861,0.42194928684627575,0.0,0.16666666666666666,0.4128098733907863,0.19437179621299303
0.43050009507510933,0.787655458314141,0.21354992076069731,0.5,0.3333333333333333,0.8520055325034578,0.7285280887122085
0.27742916904354437,0.3823122984799632,0.41957210776545173,0.25,0.0,0.5684647302904565,0.4321581755413747
0.5655067503327629,0.15246430216490098,0.6089540412044374,0.25,0.0,0.5165443132248112,0.3340307563552673
0.27952082144894463,0.10271764163979734,0.3102218700475436,0.0,0.0,0.37652941802319395,0.39627576106287277
0.5413576725613233,0.0,0.3878763866877971,0.5,0.3333333333333333,0.6300670284072774,0.4615545559158908
0.5706408062369271,0.06172270842929527,0.2916006339144215,0.0,0.0,0.5730396850728801,0.3901035673187572
0.37364517969195665,0.19760479041916168,0.3090332805071315,0.0,0.0,0.4211086285775083,0.3056805105136521
0.3418900931736071,0.7305389221556887,0.2393026941362916,0.0,0.6666666666666666,0.6853920629854241,0.7885762109007219
0.3162198136527857,0.26715799170888993,0.5467511885895404,0.0,0.3333333333333333,0.22800297904032343,0.08756146040380794
0.5320403118463586,0.0,0.22464342313787636,1.0,0.0,0.654431322481115,0.3508735223349723
0.4962920707358814,0.10271764163979734,0.490095087163233,0.0,0.0,0.4756889030747952,0.22272204205460824
0.4181403308613804,0.10271764163979734,0.35340729001584786,0.0,0.0,0.4602617299712735,0.19384872894654254
0.5839513215440197,0.5209580838323353,0.47068145800316963,0.25,0.3333333333333333,0.5789977657197575,0.4570561774244168
0.2686822589845978,0.4758175955780746,0.2004754358161648,0.0,0.0,0.6427279497818917,0.3807929699759389
0.5841414717626925,0.0,0.32012678288431057,0.25,0.16666666666666666,0.6658155122885414,0.5896014227429648
0.4799391519300247,0.10271764163979734,0.3003169572107765,0.0,0.0,0.49164804766464526,0.27544722251281517
0.5985928883818216,0.8406264394288346,0.37836767036450075,0.0,0.0,0.2589637195446324,0.48519719635945185
0.7531850161627686,0.5568862275449102,0.6228209191759113,0.0,0.0,0.5661240557506118,0.47055131289883884
0.5215820498193573,0.10271764163979734,0.34944532488114105,0.25,0.3333333333333333,0.5139908500904351,0.28078250863060994
0.39399125308994104,0.0,0.3581616481774961,0.25,0.16666666666666666,0.5168634961166082,0.30337901454127003
0.39570260505799587,0.10271764163979734,0.518621236133122,0.0,0.0,0.39195659112671566,0.17135683648917252
0.2580338467389237,0.3823122984799632,0.5408082408874801,0.0,0.0,0.5436748590275561,0.3007636782090177
0.3799201369081574,0.11561492399815754,0.5412044374009509,0.0,0.0,0.2500265985743164,0.18453813160372426
0.39570260505799587,0.10271764163979734,0.518621236133122,0.0,0.0,0.39195659112671566,0.1309760435191966
0.3413196425175889,0.10271764163979734,0.48692551505546755,0.0,0.16666666666666666,0.37652941802319395,0.13589287582383097
0.32515687393040493,0.15246430216490098,0.5301109350237718,0.0,0.0,0.2500265985743164,0.14865571712522233
0.4816505038980795,0.7052049746660525,0.2626782884310618,0.0,0.0,0.6354931375678264,0.6388743592425987
0.14679596881536414,0.4970059880239521,0.5828050713153724,0.0,0.0,0.5436748590275561,0.3305785123966943
0.08727895037079289,0.4970059880239521,0.41362916006339145,0.25,0.16666666666666666,0.5282476859240345,0.3574641698922482
0.18425556189389614,0.15246430216490098,0.3442947702060221,0.25,0.16666666666666666,0.26641132035322906,0.2838162987760226
0.2580338467389237,0.18654997696913866,0.6612519809825673,0.0,0.16666666666666666,0.32099159485051604,0.23182341249084637
0.15839513215440196,0.5886688162137265,0.5832012678288431,0.0,0.0,0.5838919033939781,0.4041217700596297
0.6255942194333524,0.10271764163979734,0.34587955625990485,0.5,0.5,0.6258112565166507,0.47327126268438124
0.516447993915193,0.6485490557346845,0.196513470681458,0.0,0.0,0.8179593573784446,0.5635526728737317
0.5993534892565127,0.28327959465684016,0.1854199683042789,0.0,0.0,0.825832535376104,0.383094465948321
0.4519870697851302,0.4735145094426532,0.22305863708399365,0.25,0.0,0.70709649962762,0.6169055340516791
0.5911770298535843,0.18654997696913866,0.2076069730586371,0.0,0.0,0.658580700074476,0.48519719635945185
0.5177790454459023,0.4302164900967297,0.19532488114104596,0.0,0.0,0.7788062559846793,0.5451407050946753
0.5662673512074538,0.10271764163979734,0.30071315372424723,0.0,0.0,0.6371954463240771,0.4976461973009729
0.6187488115611331,0.11561492399815754,0.39698890649762275,0.0,0.0,0.4794127034790936,0.35181504341458314
0.6324396273055712,0.10271764163979734,0.32408874801901744,0.25,0.0,0.6859240344717524,0.47682812009624437
0.3498764023578627,0.18654997696913866,0.4976228209191758,0.0,0.3333333333333333,0.4013192892860943,0.2554660529344074
0.7413957026050579,0.16444035006909258,0.39540412044374007,1.0,0.16666666666666666,0.722098095542079,0.7186944241029397
0.32515687393040493,0.5886688162137265,0.22900158478605387,0.0,0.0,0.8024257899776572,0.5564389580500053
0.27590796729416234,0.44035006909258406,0.8490491283676704,0.0,0.0,0.26364506862432174,0.3966942148760331
0.3529188058566267,0.2579456471672041,0.4778129952456418,0.25,0.16666666666666666,0.312373656771997,0.4530808661993933
0.5122646891043924,0.10271764163979734,0.37480190174326466,0.0,0.0,0.5333546121927865,0.5682602782717858
0.5767256132344553,0.10271764163979734,0.45958795562599053,0.0,0.16666666666666666,0.6641132035322908,0.40987550999058486
0.40901312036508836,0.3823122984799632,0.3922345483359746,0.0,0.0,0.6152782210873498,0.4045402238727901
0.5320403118463586,0.0,0.16085578446909668,0.0,0.0,0.7279497818916907,0.5158489381734491
0.4441909108195475,0.06172270842929527,0.2519809825673534,0.0,0.0,0.5358016810298968,0.43079820064860347
0.684730937440578,0.42192538000921237,0.3145800316957211,0.0,0.3333333333333333,0.5128205128205129,0.8155664818495659
0.4930595170184445,0.18654997696913866,0.20800316957210777,0.0,0.0,0.6028300883072668,0.4733758761376714
0.5246244533181214,0.391524643021649,0.5530903328050712,0.0,0.0,0.5824023832322588,0.4523485720263626
0.6124738543449325,0.319207738369415,0.2305863708399366,0.0,0.3333333333333333,0.7997659325460156,0.6849042786902396
0.5343221144704315,0.319207738369415,0.37559429477020606,0.0,0.3333333333333333,0.5810192573678051,0.4250444607176483
0.6432781897699182,0.319207738369415,0.39025356576862125,0.0,0.3333333333333333,0.6917757208213641,0.5687833455382363
0.6432781897699182,0.319207738369415,0.39025356576862125,0.0,0.3333333333333333,0.6917757208213641,0.5559158907835549
0.5495341319642517,0.15246430216490098,0.3585578446909667,0.5,0.16666666666666666,0.5418661559740399,0.48728946542525375
0.6476516447993916,0.319207738369415,0.3070522979397781,0.0,0.3333333333333333,0.7421002234280243,0.5409561669630715
0.3949420041833048,0.22846614463380932,0.14144215530903329,0.0,0.0,0.627939142461964,0.442619520870384
0.4915383152690625,0.06172270842929527,0.1897781299524564,0.0,0.0,0.6110224491967231,0.5480698817867978
0.40844266970907006,0.2579456471672041,0.4710776545166403,0.0,0.3333333333333333,0.352590701138419,0.2829793911497019
0.259364898269633,0.3933671119299862,0.869651347068146,0.0,0.0,0.22002340674539847,0.2757610628726855
0.49401026811180826,0.22846614463380932,0.2242472266244057,0.0,0.16666666666666666,0.6318757314607938,0.4894863479443457
0.26963301007796153,0.4970059880239521,0.19770206022187004,0.0,0.0,0.7391211831045855,0.5060152735641804
0.32021296824491347,0.7305389221556887,0.33835182250396195,0.0,0.6666666666666666,0.6961378870092563,0.6656554032848625
0.40977372123977945,0.3735605711653616,0.44690966719492875,0.0,0.0,0.08458346632620492,0.057223558949680925
0.5035177790454458,0.42192538000921237,0.5376386687797147,0.0,0.3333333333333333,0.26013405681455476,0.25609373365414795
0.1426126640045636,0.4136342699216951,0.09984152139461172,0.0,0.0,0.5240983083306735,0.45695156397112674
0.27590796729416234,0.4302164900967297,0.20483359746434232,0.25,0.0,0.6213426960314927,0.5162673919866095
0.23920897509032135,0.5343159834177799,0.160459587955626,0.0,0.0,0.6594318544526014,0.46511141332775396
0.3553907586993725,0.19760479041916168,0.18819334389857367,0.0,0.16666666666666666,0.438450899031812,0.2598598179725913
0.33523483552006084,0.22846614463380932,0.21790808240887477,0.0,0.0,0.5452707734865412,0.3677162883146773
0.21962350256702795,0.3818516812528789,0.17353407290015846,0.0,0.0,0.5737844451537398,0.38476828120096246
0.2772390188248716,0.29387379087977894,0.17234548335974642,0.0,0.0,0.45026066602830095,0.30191442619520875
0.4622551815934588,0.4283740211883925,0.26901743264659267,0.0,0.0,0.5943185445260135,0.6468249816926457
0.4930595170184445,0.3735605711653616,0.1212361331220285,0.0,0.0,0.7762527928503032,0.6533110157966315
0.4401977562274197,0.22846614463380932,0.2991283676703645,0.0,0.16666666666666666,0.49654218533886585,0.362904069463333
0.25708309564556,0.5186549976969138,0.15729001584786054,0.0,0.0,0.6594318544526014,0.48927712103776555
0.35006655257653546,0.26715799170888993,0.21592709984152136,0.0,0.0,0.4878178529630812,0.3908358614917879
0.5312797109716675,0.10271764163979734,0.2868462757527734,0.0,0.0,0.6061283115225025,0.48320954074694006
0.2977752424415288,0.2947950253339475,0.2076069730586371,0.25,0.0,0.5589956378338121,0.49136939010356734
0.3441718957976801,0.18654997696913866,0.19017432646592708,0.25,0.0,0.48420044685604857,0.488754053771315
0.5185396463205932,0.0,0.18700475435816163,0.0,0.0,0.6980529843600384,0.43372737734072603
0.43164099638714576,0.2298479963150622,0.1600633914421553,0.0,0.0,0.726566656027237,0.5017261219792866
0.44590226278760214,0.10271764163979734,0.14421553090332803,0.0,0.0,0.5874029152037451,0.46919133800606766
0.5035177790454458,0.10271764163979734,0.15966719492868464,0.0,0.0,0.6395361208639216,0.4659483209540747
0.2743867655447803,0.5297098111469369,0.12836767036450078,0.25,0.0,0.6427279497818917,0.5717125222303588
0.6866324396273055,0.18654997696913866,0.3759904912836767,0.0,0.0,0.684115331418236,0.48279108693377976
0.4776573493059516,0.0,0.16204437400950872,0.0,0.0,0.6670922438557293,0.4465948320954075
0.41205552386385236,0.06172270842929527,0.2428684627575277,0.0,0.0,0.5266517714650495,0.3551626739198661
0.33865753945617033,0.29387379087977894,0.28724247226624405,0.0,0.0,0.4878178529630812,0.29825295533005547
0.6187488115611331,0.06172270842929527,0.5519017432646592,0.0,0.0,0.5730396850728801,0.3983680301286746
0.5447803764974329,0.06172270842929527,0.44453248811410456,0.0,0.0,0.6061283115225025,0.40862014855110373
0.5548583380870888,0.15246430216490098,0.43383518225039625,0.0,0.0,0.5434620704330249,0.36374097708965375
0.4599733789693857,0.4366651312759097,0.14064976228209192,0.0,0.0,0.6883711033088626,0.5287163929281307
0.5320403118463586,0.0,0.1747226624405705,0.0,0.0,0.719225449515906,0.4975415838476829
0.5035177790454458,0.10271764163979734,0.15966719492868464,0.0,0.0,0.6395361208639216,0.45893921958363854
0.22589845978322873,0.5430677107323815,0.41362916006339145,0.0,0.0,0.4756889030747952,0.2913484674129093
0.4181403308613804,0.10271764163979734,0.35340729001584786,0.5,0.0,0.4488775401638472,0.3512919761481327
0.27952082144894463,0.10271764163979734,0.3102218700475436,0.0,0.0,0.37652941802319395,0.3384245213934512
0.4504658680357482,0.18654997696913866,0.3205229793977813,0.0,0.16666666666666666,0.5569741461857645,0.43874882309865054
0.46472713443620456,0.18654997696913866,0.2591125198098257,0.0,0.3333333333333333,0.49366953931269286,0.5352024270321163
0.3822019395322304,0.15246430216490098,0.4698890649762282,0.0,0.16666666666666666,0.369188211511863,0.29731143425044465
0.24624453318121312,0.6195301704283741,0.15332805071315372,0.0,0.0,0.6916693265240983,0.5539282351710431
0.33751663814413385,0.4302164900967297,0.23296354992076068,0.0,0.16666666666666666,0.6250664964357912,0.4346688984203369
0.4761361475565696,0.06172270842929527,0.24366085578446905,0.0,0.0,0.5394190871369295,0.41123548488335604
0.4401977562274197,0.22846614463380932,0.2991283676703645,0.0,0.16666666666666666,0.49654218533886585,0.37786379328381636
0.609811751283514,0.29387379087977894,0.3787638668779715,1.0,0.16666666666666666,0.5808064687732738,0.47159744743173976
0.33523483552006084,0.22846614463380932,0.17194928684627572,0.25,0.0,0.42727949781891694,0.478606548802176
0.33618558661342457,0.5126669737448181,0.28248811410459584,0.0,0.16666666666666666,0.5572933290775615,0.2914530808661994
0.49058756417569876,0.4025794564716721,0.32686212361331224,0.0,0.16666666666666666,0.5897435897435898,0.44031802489800187
0.4299296444190911,0.5126669737448181,0.31259904912836767,0.0,0.16666666666666666,0.6182572614107884,0.42765979704990065
0.4883057615516257,0.5209580838323353,0.23771790808240886,0.0,0.0,0.5965528247685924,0.5545559158907836
0.4772770488686061,0.2897282358360203,0.18819334389857367,0.0,0.0,0.6595382487498671,0.3464797572967884
0.3475945997337897,0.2579456471672041,0.17393026941362913,0.25,0.0,0.4237684860091499,0.4153154095616696
0.2977752424415288,0.262551819438047,0.19294770206022185,0.0,0.0,0.4665389935099479,0.3422952191651847
0.4776573493059516,0.0,0.2642630744849445,0.0,0.0,0.6198531758697735,0.39313735746416995
0.39189960068454077,0.10271764163979734,0.22068145800316954,0.0,0.0,0.5046281519310566,0.40213411444711794
0.37136337706788364,0.2298479963150622,0.2353407290015848,0.0,0.0,0.648366847536972,0.436970394392719
0.27742916904354437,0.3823122984799632,0.19928684627575277,0.0,0.0,0.6768805192041707,0.43320431007427557
0.29454268872409206,0.2680792261630585,0.17551505546751187,0.0,0.0,0.5331418235982551,0.4498378491474004
0.37136337706788364,0.13265776140027638,0.17551505546751187,0.0,0.0,0.6308117884881371,0.38706977717334456
0.41205552386385236,0.06172270842929527,0.2194928684627575,0.0,0.0,0.5046281519310566,0.3208494612407156
0.2698231602966343,0.2947950253339475,0.1751188589540412,0.0,0.0,0.5331418235982551,0.41238623286954706
0.5210115991633391,0.0,0.28328050713153724,0.0,0.0,0.6535801681029897,0.4329950831676954
0.44590226278760214,0.10271764163979734,0.24841521394611724,0.0,0.0,0.5401638472177892,0.4045402238727901
0.3441718957976801,0.3823122984799632,0.23256735340729,0.0,0.0,0.7106075114373871,0.4694005649126478
0.3441718957976801,0.3823122984799632,0.23256735340729,0.0,0.0,0.7106075114373871,0.4906370959305367
0.2686822589845978,0.41040994933210506,0.16640253565768617,0.0,0.0,0.5971911905521864,0.44764096662830843
0.422323635672181,0.11561492399815754,0.2171156893819334,0.0,0.0,0.43940844770720294,0.19688251909195525
0.2686822589845978,0.41040994933210506,0.16640253565768617,0.0,0.0,0.5971911905521864,0.5163720054398996
0.27742916904354437,0.5886688162137265,0.19809825673534073,0.0,0.0,0.7998723268432814,0.6027827178575166
0.23920897509032135,0.5343159834177799,0.160459587955626,0.0,0.0,0.6594318544526014,0.5376085364577885
0.5748241110477276,0.10271764163979734,0.19294770206022185,0.0,0.0,0.7203957867858284,0.6895072706350037
0.5984027381631489,0.15246430216490098,0.328446909667195,0.0,0.16666666666666666,0.6627300776678371,0.3813160372423894
0.422323635672181,0.18654997696913866,0.4263074484944533,0.25,0.3333333333333333,0.46877327375252686,0.5285071660215505
0.4101540216771249,0.10271764163979734,0.2595087163232963,0.0,0.0,0.46994361102244925,0.4181399728005022
0.22589845978322873,0.4914785812989406,0.3359746434231379,0.0,0.0,0.4756889030747952,0.35924259859817975
0.40597071686632435,0.10271764163979734,0.4770206022187005,0.25,0.0,0.4200446856048516,0.40631865257872163
0.23825822399695756,0.4970059880239521,0.5316957210776545,0.0,0.0,0.5838919033939781,0.35097813578826237
0.40597071686632435,0.10271764163979734,0.4770206022187005,0.0,0.16666666666666666,0.4200446856048516,0.17731980332670783
0.33618558661342457,0.15246430216490098,0.45007923930269417,0.0,0.16666666666666666,0.369188211511863,0.20514698190187258
0.5598022437725803,0.15246430216490098,0.6422345483359746,0.0,0.0,0.4550484094052559,0.29354534993200126
0.2943525385054192,0.4085674804237679,0.19492868462757526,0.0,0.0,0.45526119799978726,0.4216968302123653
0.4740444951511695,0.4735145094426532,0.16362916006339145,0.0,0.0,0.7156080434088733,0.6157547860654881
0.4930595170184445,0.18654997696913866,0.2991283676703645,0.25,0.0,0.5313331205447388,0.39564808034313215
0.2468149838372314,0.18654997696913866,0.3062599049128368,0.25,0.0,0.29141398021066073,0.3773407260173659
0.2122076440387906,0.2897282358360203,0.14025356576862122,0.25,0.0,0.38514735610171297,0.35641803535934724
0.31964251758889517,0.35099032703823124,0.17987321711568938,0.0,0.0,0.5857006064474944,0.38874359242598605
0.5312797109716675,0.10271764163979734,0.2868462757527734,0.0,0.0,0.6061283115225025,0.46134532900931063
0.5210115991633391,0.0,0.28328050713153724,0.0,0.0,0.6535801681029897,0.4420964536039335
0.4101540216771249,0.10271764163979734,0.2393026941362916,0.0,0.16666666666666666,0.5304819661666135,0.29469609791819235
0.2977752424415288,0.2947950253339475,0.2076069730586371,0.0,0.16666666666666666,0.5304819661666135,0.3726331206193117
0.2686822589845978,0.22846614463380932,0.18304278922345482,0.0,0.0,0.5076071922544952,0.31059734281828644
0.3359954363947519,0.5389221556886228,0.23771790808240886,0.25,0.0,0.45483562081072465,0.36844858248770795
0.39893515877543256,0.15246430216490098,0.21988906497622818,0.0,0.16666666666666666,0.46536865624002555,0.2612197928653625
0.33523483552006084,0.22846614463380932,0.21790808240887477,0.0,0.0,0.5452707734865412,0.3773407260173659
0.301388096596311,0.49516351911561496,0.19374009508716322,0.0,0.0,0.5201617193318437,0.5492206297729888
0.35006655257653546,0.26715799170888993,0.21592709984152136,0.0,0.0,0.4878178529630812,0.33361230254210694
0.35006655257653546,0.26715799170888993,0.21592709984152136,0.0,0.0,0.4878178529630812,0.3443874882309866
0.3011979463776383,0.29387379087977894,0.18819334389857367,0.25,0.0,0.47813597191190554,0.4564284967046763
0.2713443620460163,0.3809304467987103,0.1838351822503962,0.0,0.0,0.5075007979572295,0.43791191547232977
0.5841414717626925,0.0,0.33835182250396195,0.5,0.3333333333333333,0.654431322481115,0.47965268333507693
0.5067503327628826,0.06172270842929527,0.4449286846275752,0.0,0.0,0.5738908394510055,0.35171042996129304
0.33523483552006084,0.22846614463380932,0.21790808240887477,0.0,0.0,0.5452707734865412,0.35443037974683544
0.40844266970907006,0.2579456471672041,0.4710776545166403,0.25,0.16666666666666666,0.352590701138419,0.4746312375771525
0.15839513215440196,0.18654997696913866,0.5043581616481776,0.0,0.16666666666666666,0.26577295456963507,0.27283188618056287
0.46757938771629576,0.319207738369415,0.5126782884310618,0.5,0.3333333333333333,0.41578891371422494,0.44241029396380377
0.6071496482220954,0.10271764163979734,0.4092709984152139,0.0,0.0,0.5730396850728801,0.4044356104195
0.21810230081764592,0.6061722708429296,0.26862123613312205,0.0,0.16666666666666666,0.4258963719544633,0.344910555497437
0.5748241110477276,0.5338553661906956,0.3561806656101426,0.0,0.3333333333333333,0.780189381849133,0.5958782299403703
0.6738923749762312,0.4292952556425611,0.25713153724247223,0.0,0.16666666666666666,0.8209383977018831,0.9271890365100952
0.283894276478418,0.5343159834177799,0.4797939778129952,0.0,0.0,0.5132460900095756,0.3218955957736165
0.6959498003422704,0.2579456471672041,0.3399366085578447,0.5,0.8333333333333334,0.668475369720183,0.6935871953133174
0.4544590226278759,0.7535697835099033,0.2373217115689382,0.0,0.3333333333333333,0.78050856474093,0.8766607385709801
0.5198706978513025,0.3371718102257025,0.31259904912836767,0.0,0.16666666666666666,0.6037876369826578,0.36363636363636365
0.2698231602966343,0.6913864578535237,0.14659270998415214,0.0,0.0,0.7227364613256729,0.6318652578721624
0.4588324776573493,0.10271764163979734,0.42234548335974637,0.5,0.0,0.4602617299712735,0.25536143948111734
0.5215820498193573,0.06172270842929527,0.5253565768621237,0.0,0.0,0.18193424832428984,0.310074275551836
0.4628256322494771,0.7070474435743898,0.3684627575277338,0.0,0.16666666666666666,0.4829237152888605,0.647034208599226
0.5575204411485074,0.32335329341317365,0.4429477020602218,0.5,0.16666666666666666,0.6523034365358018,0.6412804686682708
0.4409583571021106,0.4426531552280055,0.5043581616481776,0.0,0.6666666666666666,0.4981380997978509,0.3241970917459986
0.4063510173036698,0.5112851220635652,0.08795562599049127,0.0,1.0,0.44696244281306524,0.6487080238518673
0.5710211066742726,0.3353293413173653,0.679080824088748,0.0,0.5,0.5502713054580275,0.30452976252746106
0.533941814033086,0.18654997696913866,0.1897781299524564,0.25,0.3333333333333333,0.6417704011065007,0.4969139031279423
0.40578056664765166,0.3353293413173653,0.7250396196513471,0.0,0.3333333333333333,0.38514735610171297,0.31969871325452454
0.5675984027381632,0.4016582220175035,0.18660855784469096,0.5,0.5,0.7306096393233323,0.41709383826760127
0.5887050770108385,0.42192538000921237,0.19096671949286845,0.0,1.0,0.6172997127353974,0.49848310492729364
0.4114850732078341,0.6416397973284201,0.26980982567353406,0.0,0.16666666666666666,0.40323438663687633,0.5506852181190501
0.6446092413006276,0.4753569783509904,0.3118066561014263,0.25,0.5,0.8126396425151613,0.8523904174076786
